[
    {
        "title": "광주문화재야행",
        "개최지역": "광주시 동구",
        "개최기간": "2023. 6. 16. ~ 17. / 18:00-22:00",
        "축제성격": "전통역사 ",
        "관련 누리집": "http://www.gjnight.com",
        "축제장소": "광주 동구 문화전당로 38",
        "요금": "무료 (일부 유료)",
        "소요시간": "프로그램별상이",
        "연령제한": "전연령가능",
        "주최/주관기관": "광주광역시 동구",
        "문의": "광주광역시 동구 관리자 062-229-3070"
    },
    {
        "title": "정서진 아라뱃길 카약축제",
        "개최지역": "인천시 서구",
        "개최기간": "2023. 6. 17. / 11:00~19:00",
        "축제성격": "기타 ",
        "관련 누리집": "https://www.facebook.com/arawaterway1",
        "축제장소": "아라인천여객터미널 일원",
        "요금": "무료",
        "주최/주관기관": "인천광역시 서구, 한국수자원공사 아라뱃길지사",
        "문의": "인천광역시 서구, 한국수자원공사 아라뱃길지사 관리자 1899-3650"
    },
    {
        "title": "제주해비치아트페스티벌",
        "개최지역": "제주도 서귀포시",
        "개최기간": "2023. 6. 12. ~ 15.",
        "축제성격": "문화예술 ",
        "관련 누리집": "http://www.jhaf.or.kr",
        "축제장소": "해비치호텔앤드리조트 제주 및 제주도 내 공연장 일원 등",
        "요금": "무료",
        "주최/주관기관": "한국문화예술회관연합회(코카카), 제주특별자치도",
        "문의": "한국문화예술회관연합회 관리자 02-3019-5853~6"
    },
    {
        "title": "휴애리 봄 수국축제",
        "개최지역": "제주도 서귀포시",
        "개최기간": "2023. 4. 7. ~ 6. 14.",
        "축제성격": "생태자원 ",
        "관련 누리집": "http://hueree.com",
        "축제장소": "휴애리 자연생활공원 공원내",
        "요금": "성인:13,000원/단체:11,000원/도민, 장애우, 유공자, 경로 우대:6,500원 / 청소년:11,000원/단체:9,000원/도민, 장애우 :5,500원 / 어린이:10,000원/단체:8,0000원/도민, 장애우 :5,000원 / 단체 30인 이상 / 경로 할인은 65세 이상(신분증 제출) / 만 24개월까지는 무료입장 / 세 자녀 50% 할인(자녀만 할인 혜택, 고등학생까지) / 제주도민, 장애인, 군경은 반드시 신분증 및 증명서를 제시해야 합니다.",
        "소요시간": "90분",
        "주최/주관기관": "휴애리 자연생활공원",
        "문의": "관리자 064-732-2114"
    },
    {
        "title": "증평 들노래축제",
        "개최지역": "충청북도 증평군",
        "개최기간": "2023. 6. 10. ~ 11.",
        "축제성격": "전통역사 ",
        "관련 누리집": "https://www.jp.go.kr/tour/prog/tursmCn/sub03_02/view.do?progNo=p00000006370bi3vF1tv",
        "축제장소": "증평민속체험박물관",
        "요금": "무료",
        "주최/주관기관": "장뜰두레농요보존회",
        "문의": "들노래축제추진위원회 관리자 043-835-4153~4154"
    },
    {
        "title": "부천 백만송이장미축제",
        "개최지역": "경기도 부천시",
        "개최기간": "2023. 5. 20. ~ 6. 11.",
        "축제성격": "생태자원 ",
        "관련 누리집": "https://blog.naver.com/bucheon-city/223106252562",
        "축제장소": "부천백만송이장미원",
        "요금": "무료",
        "주최/주관기관": "부천시",
        "문의": "부천시 관리자 032-320-3000"
    },
    {
        "title": "무등산 인문축제",
        "개최지역": "광주시 동구",
        "개최기간": "2023. 6. 10. ~ 11. / 10:00 ~ 20:00",
        "축제성격": "문화예술 ",
        "관련 누리집": "https://www.inmunfestival.com/",
        "축제장소": "무등산국립공원 증심사지구 일원",
        "요금": "무료(일부 프로그램 유료)",
        "주최/주관기관": "문화체육관광부, 광주광역시",
        "문의": "광주광역시 동구 관리자 062-608-2173"
    },
    {
        "title": "화성 뱃놀이 축제",
        "개최지역": "경기도 화성시",
        "개최기간": "2023. 6. 9. ~ 11. / 10시~21시(일자별 상이)",
        "축제성격": "문화예술 ",
        "관련 누리집": "http://www.화성뱃놀이축제.com",
        "축제장소": "화성시 서신면 전곡항",
        "요금": "유/무료 (체험별 상이)",
        "주최/주관기관": "화성시",
        "문의": "화성시문화재단 관리자 031-356-8542"
    },
    {
        "title": "실향민문화축제",
        "개최지역": "강원도 속초시",
        "개최기간": "2023. 6. 9. ~ 11. / 10:00 ~ 20:00",
        "축제성격": "기타 ",
        "관련 누리집": "http://sokchofestival.or.kr/dpcf",
        "축제장소": "속초 엑스포잔디광장 일대",
        "요금": "무료",
        "소요시간": "현장관람 60분 내외, 기념공연 1시간 30분",
        "연령제한": "전연령가능",
        "주최/주관기관": "속초시",
        "문의": "속초문화재단 관리자 033-636-0670(속초문화관광재단 문화관광축제팀)"
    },
    {
        "title": "네이처파크 플라워 페스티벌",
        "개최지역": "대구시 달성군",
        "개최기간": "2023. 4. 1. ~ 6. 11. / 10:00~18:00",
        "축제성격": "생태자원 ",
        "관련 누리집": "http://www.spavalley.co.kr/naturepark/",
        "축제장소": "네이처파크",
        "요금": "네이처파크 누리집 참고",
        "연령제한": "제한 없음",
        "주최/주관기관": "네이처파크",
        "문의": "관리자 1688-8511"
    },
    {
        "title": "한산모시문화제",
        "개최지역": "충청남도 서천군",
        "개최기간": "2023. 6. 9. ~ 11.",
        "축제성격": "지역특산물 ",
        "관련 누리집": "https://hansanmosi.kr",
        "축제장소": "한산모시관 및 한산전통시장 일원",
        "요금": "무료 / 일부 체험 프로그램 유료 운영",
        "주최/주관기관": "서천군",
        "문의": "문화체육과 이기항 041-950-4256"
    },
    {
        "title": "문정동 로데오거리 축제",
        "개최지역": "서울시 송파구",
        "개최기간": "2023. 6. 10. / 13:00~17:00",
        "축제성격": "기타 ",
        "관련 누리집": "https://korean.visitkorea.or.kr/kfes/detail/fstvlDetail.do?cmsCntntsId=2989910",
        "주최/주관기관": "문정동 로데오거리 조합, 어스버스엔터",
        "문의": "어스버스엔터, 문정동사무소, 문정동 로데오거리 조합 관리자 02-552-8860"
    },
    {
        "title": "인천아트북페어",
        "개최지역": "인천시 중구",
        "개최기간": "2023. 6. 10. / 11:00~18:00",
        "축제성격": "문화예술 ",
        "관련 누리집": "https://www.imla.kr/yj/index.do?curl=/bbs/bbs_view.do?bbsId=91&menu1=4&menu2=91&scd=3&bk=16854252263187980",
        "축제장소": "코스모 40",
        "요금": "무료",
        "주최/주관기관": "인천광역시",
        "문의": "코스모 40 관리자 032-440-7878"
    },
    {
        "title": "원주용수골꽃양귀비축제",
        "개최지역": "강원도 원주시",
        "개최기간": "2023. 5. 19. ~ 6. 6. / 09:00~18:00 (입장마감 17:00)",
        "축제성격": "문화예술 ",
        "관련 누리집": "https://poppystore.modoo.at/",
        "축제장소": "꽃양귀비축제장",
        "요금": "3,000원 /초등학생 이하, 서곡4리 주민, 꽃양귀비 주말농장 분양자, 장애단체(전화문의) 중증3급이상 장애인 무료입장",
        "주최/주관기관": "꽃양귀비마을",
        "문의": "원주용수골꽃양귀비축제추진위원회 관리자 033-764-4443"
    },
    {
        "title": "양평딸기송어축제",
        "개최지역": "경기도 양평군",
        "개최기간": "2023. 2. 27. ~ 6. 6. / 10:00~17:00",
        "축제성격": "지역특산물 ",
        "관련 누리집": "http://springfestival.kr",
        "축제장소": "수미마을일원",
        "오시는 길": "주소 : 경기도 양평군 단월면 곱다니길 55\n\n자가용 이용 또는 용문역 앞에서 택시 이용",
        "요금": "8,000~39,000",
        "주최/주관기관": "수미마을",
        "문의": "양평딸기송어축제 추진위원회 관리자 031-775-5205"
    },
    {
        "title": "철마한우불고기축제",
        "개최지역": "부산시 기장군",
        "개최기간": "2023. 6. 2. ~ 6. / 10:00-21:00",
        "축제성격": "지역특산물 ",
        "관련 누리집": "https://www.gijang.go.kr/tour/index.gijang?menuCd=DOM_000000302004000000",
        "축제장소": "철마한우불고기축제장 일원",
        "오시는 길": "* 버스 : 73번, 용진버스 2-3\n\n* 승용차\n- 14번 국도 이용\n- 금사동 → 회동동 → 행사장\n- 노포동(노포IC) → 두구동 → 철마면사무소 → 행사장\n- 반송 → 안평 → 갈치고개 → 구림 → 철마면사무소 → 행사장\n- 기장 → 만화리 → 갈치고개 → 구림 → 철마면사무소 → 행사장",
        "주최/주관기관": "철마한우불고기축제추진위원회",
        "문의": "051-721-4245"
    },
    {
        "title": "아산문화재야행",
        "개최지역": "충청남도 아산시",
        "개최기간": "2023. 6. 2. ~ 5. / 18:00 ~ 23:00",
        "축제성격": "전통역사 ",
        "관련 누리집": "http://www.asannight.com/",
        "축제장소": "아산 외암마을 일대",
        "요금": "유/무료 프로그램별 상이",
        "주최/주관기관": "아산시",
        "문의": "CN아트 관리자 1422-42"
    },
    {
        "title": "단양 소백산 철쭉제",
        "개최지역": "충청북도 단양군",
        "개최기간": "2023. 5. 31. ~ 6. 4. / 10:00~22:00",
        "축제성격": "생태자원 ",
        "관련 누리집": "https://www.danyang.go.kr/sobaeksan/650",
        "축제장소": "단양읍 상상의 거리 및 소백산 일원",
        "요금": "무료",
        "주최/주관기관": "소백산철쭉제추진위원회",
        "문의": "단양문화원 관리자 043-420-2551~2556"
    },
    {
        "title": "한우&농특산물 페스티벌",
        "개최지역": "대전시 유성구",
        "개최기간": "2023. 5. 31. ~ 6. 4. / 16:00~23:00",
        "축제성격": "기타 ",
        "관련 누리집": "https://www.sooperang.or.kr/pot/bbs/selectSghtngDetail.do?csSignature=2mSpMNZqQUmMSSVYUZIxCg%3D%3D&cntnsId=2989543&cntnsTypeId=15&hmpgId=FA00005&menuNo=3040000&moreCnt=0&moreIdxCnt=&searchAreaCode=3&searchSigungu=&searchCntnsTypeId=",
        "요금": "무료",
        "주최/주관기관": "금강일보사",
        "문의": "금강일보사 관리자 042-346-3000"
    },
    {
        "title": "2023 아세안마켓",
        "개최지역": "부산시 해운대구",
        "개최기간": "2023. 6. 3. ~ 4.",
        "축제성격": "기타 ",
        "관련 누리집": "https://www.ach.or.kr/ach/main.do",
        "주최/주관기관": "한국국제교류재단, KF아세안문화원",
        "문의": "051-714-1469"
    },
    {
        "title": "수라간 시식공감",
        "개최지역": "서울시 종로구",
        "개최기간": "2023. 5. 25. ~ 6. 4. / 18:00~21:00",
        "축제성격": "전통역사 ",
        "관련 누리집": "https://www.chf.or.kr/cms/content/view/225",
        "축제장소": "경복궁 소주방 일원",
        "요금": "유료(1매당 25,000원 / 1인 4매 가능)",
        "주최/주관기관": "문화재청 궁능유적본부",
        "문의": "한국문화재재단 관리자 1522-2295"
    },
    {
        "title": "완주 대둔산 축제",
        "개최지역": "전라북도 완주군",
        "개최기간": "2023. 6. 3. ~ 4. / 10:00 ~ 18:00",
        "축제성격": "생태자원 ",
        "관련 누리집": "https://www.wanju.go.kr/tour/index.wanju?menuCd=DOM_000000804012000000",
        "축제장소": "대둔산 도립공원 잔디광장",
        "요금": "무료",
        "주최/주관기관": "완주군",
        "문의": "완주군 관리자 063-290-3977"
    },
    {
        "title": "세종파크뮤직페스티벌",
        "개최지역": "세종시 세종특별자치시",
        "개최기간": "2023. 6. 3. ~ 4.",
        "축제성격": "문화예술 ",
        "관련 누리집": "https://www.sjac.or.kr/culture/nrr/performance/read?performanceNo=182&menuLevel=2&menuNo=76",
        "축제장소": "세종문화예술회관",
        "요금": "1일권 20,000원, 2일권 34,000원(15%할인)",
        "부대행사": "키즈페스티벌: 11:00 ~ 16:00\n뮤직페스티벌: 17:00 ~ 22:00",
        "주최/주관기관": "세종특별자치시",
        "문의": "세종문화재단 / 주식회사플래닌 관리자 070-4267-6881"
    },
    {
        "title": "울산공업축제",
        "개최지역": "울산시 남구",
        "개최기간": "2023. 6. 1. ~ 4. / 10:00 ~ 21:00",
        "축제성격": "기타 ",
        "관련 누리집": "http://xn--ob0b478atvdy1a72cf4o.kr/webuser/page/main.html",
        "축제장소": "태화강국가정원남구둔치",
        "요금": "무료",
        "주최/주관기관": "울산광역시",
        "문의": "울산공업축제추진위원회 관리자 052-290-1236"
    },
    {
        "title": "영남알프스 숲페스타",
        "개최지역": "울산시 울주군",
        "개최기간": "2023. 5. 27. ~ 6. 4. / 09:00~18:00",
        "축제성격": "생태자원 ",
        "관련 누리집": "https://ynalps.co.kr/",
        "축제장소": "영남알프스숲정원",
        "요금": "유료, 체험별 요금 상이",
        "주최/주관기관": "영남알프스숲길 사회적협동조합, 영남알프스학교",
        "문의": "영남알프스숲길 사회적협동조합 관리자 052-254-0522"
    },
    {
        "title": "서울대공원 장미원축제",
        "개최지역": "경기도 과천시",
        "개최기간": "2023. 5. 26. ~ 6. 4. / 09:00~19:00",
        "축제성격": "생태자원 ",
        "관련 누리집": "http://grandpark.seoul.go.kr/munhwa/munhwaView/ko/S001005001004.do?pageIndex=1&mh_no=46127&search_gubun=&searchWord=",
        "축제장소": "서울대공원 테마가든",
        "오시는 길": "[지하철] 4호선 대공원(서울랜드)역 2번 출구",
        "요금": "테마가든 입장료 (성인 2,000원 청소년 1,500원 어린이 1,000원)",
        "소요시간": "기간내자유",
        "연령제한": "전연령가능",
        "주최/주관기관": "서울대공원",
        "문의": "서울대공원 관리자 02-500-7335 / 7337"
    },
    {
        "title": "나주 문화재 야행",
        "개최지역": "전라남도 나주시",
        "개최기간": "2023. 6. 2. ~ 4. / 18:00~22:00",
        "축제성격": "문화예술 ",
        "관련 누리집": "https://najuculturenight.modoo.at/",
        "축제장소": "금성관 일대",
        "요금": "무료(일부 유료)",
        "주최/주관기관": "문화재청, 전라남도, 나주시",
        "문의": "나주읍성권도시재생주민협의체 관리자 061-334-1551"
    },
    {
        "title": "춘천마임축제",
        "개최지역": "강원도 춘천시",
        "개최기간": "2023. 5. 28. ~ 6. 4.",
        "축제성격": "예술축제 ",
        "축제참가인원(명)": "http://mimefestival.com",
        "소요예산(천원)": "춘천시 전역",
        "관련 누리집": "불의도시도깨비난장, 극장공연 유료 / 그외 프로그램 무료",
        "축제장소": "사)춘천마임축제",
        "요금": "033-242-0585"
    },
    {
        "title": "계양산성 소서팔사(消暑八事) : 계양골 바캉스",
        "개최지역": "인천시 계양구",
        "개최기간": "2023. 6. 3. / 14:00-19:00",
        "축제성격": "기타 ",
        "관련 누리집": "http://www.igycc.or.kr/",
        "축제장소": "계양산성 일원 및 야외공연장, 계양산성박물관 주차장",
        "요금": "무료",
        "주최/주관기관": "인천광역시 계양구",
        "문의": "계양문화원 관리자 032-450-5754"
    },
    {
        "title": "서울비보이페스티벌",
        "개최지역": "서울시 용산구",
        "개최기간": "2023. 6. 3. / 12:00-20:30",
        "축제성격": "문화예술 ",
        "관련 누리집": "https://www.sfac.or.kr/artsfestivalseoul/contents/subpage1.html",
        "축제장소": "노들섬 일대",
        "요금": "무료",
        "주최/주관기관": "서울특별시, 서울문화재단",
        "문의": "서울문화재단 관리자 02-537-7108(노들섬 공간 관련 문의 : 02-749-4500)"
    },
    {
        "title": "유기농데이",
        "개최지역": "서울시 종로구",
        "개최기간": "2023. 6. 3. / 11:00~18:00",
        "축제성격": "생태자원 ",
        "관련 누리집": "https://www.62day.org/",
        "요금": "무료",
        "주최/주관기관": "농림축산식품부, 농림수산식품교육문화정보원, 농협경제지주, 한국소비자단체협의회",
        "문의": "농림축산식품부, 농림수산식품교육문화정보원 관리자 044-863-6202"
    },
    {
        "title": "하동 야생차문화축제",
        "개최지역": "경상남도 하동군",
        "개최기간": "2023. 5. 4. ~ 6. 3.",
        "축제성격": "문화예술 ",
        "관련 누리집": "http://www.wildteafestival.kr",
        "축제장소": "하동군 화개면, 악양면 일원",
        "오시는 길": "* 서울\n경부고속도로 → 대전·통영고속도로 → 남해고속도로(순천방향) → 진교 → 하동IC(전도) → 하동(약 4시간 소요)\n경부(중부)고속도로 → 호남고속도로 → 전주IC → 임실 → 남원 → 구례 → 하동(약 4시간 소요)\n\n* 부산\n남해고속도로(순천방향) → 진교 → 하동IC(전도) → 하동 (약 2시간 30분 소요)",
        "요금": "일반 : 10,000원 (만 19세 이상 ~ 만 64세 이하) / 청소년 : 6,000원 (만 13세 이상 ~ 만 18세 이하) / 어린이 : 4,000원 (만 5세 이상 ~ 만 12세 이하) / ※할인권, 기간권 등 세부내용은 https://www.hadongt.co.kr 참고",
        "주최/주관기관": "(사)하동야생차문화축제조직위원회",
        "문의": "하동군 문화관광과 이해철 055-880-2052~4"
    },
    {
        "title": "벽초지수목원 봄꽃축제",
        "개최지역": "경기도 파주시",
        "개최기간": "2023. 4. 14. ~ 5. 31. / 09:00~19:00",
        "축제성격": "생태자원 ",
        "관련 누리집": "http://www.bcj.co.kr/index.html",
        "축제장소": "벽초지수목원",
        "요금": "성인: 6,000원 / 경로: 5,000원 / 청소년: 5,000원 / 어린이: 4,000원",
        "부대행사": "벽초지 꽃을 찾아라 인증샷 이벤트를 평일에 진행 중이다.\n벽초지수목원 정원들 곳곳에 숨겨진 로고꽃팻을 찾아 인스타그램에 업로드 시 벽초지수목원 내 카페 먼치먼치 커피 50% 할인쿠폰 제공한다.",
        "주최/주관기관": "벽초지수목원",
        "문의": "벽초지수목원 관리자 031-957-2004"
    },
    {
        "title": "피나클랜드 튤립/수선화 축제",
        "개최지역": "충청남도 아산시",
        "개최기간": "2023. 3. 24. ~ 5. 30. / 09:00~19:00 (18:00 입장마감)",
        "축제성격": "생태자원 ",
        "관련 누리집": "https://www.pinnacleland.co.kr/",
        "축제장소": "피나클랜드 수목원 일",
        "요금": "유료 (성인 12,000원 / 청소년 10,000원 / 어린이 9,000원)",
        "소요시간": "2시간",
        "주최/주관기관": "㈜피나클랜드농업회사법인",
        "문의": "㈜피나클랜드농업회사법인 관리자 041-541-2582"
    },
    {
        "title": "곡성세계장미축제",
        "개최지역": "전라남도 곡성군",
        "개최기간": "2023. 5. 20. ~ 29. / 08:00~22:00",
        "축제성격": "생태자원 ",
        "관련 누리집": "https://www.gokseong.go.kr/tour/festivity/rose",
        "축제장소": "곡성 섬진강기차마을",
        "요금": "입장료 성인 5,000원 / 소인 4,500원",
        "주최/주관기관": "곡성군",
        "문의": "곡성군 관리자 061-360-8471"
    },
    {
        "title": "형산강 연등문화축제",
        "개최지역": "경상북도 경주시",
        "개최기간": "2023. 5. 3. ~ 29.",
        "축제성격": "문화예술 ",
        "관련 누리집": "http://hsgllf.com/",
        "축제장소": "형산강 금장대 및 경주시내 일원",
        "요금": "무료",
        "부대행사": "개막식, 연등행렬 05.03. 18:00~22:00\n체험&부대행사 05.03~05.05. 15:00\n전시 상시운영",
        "주최/주관기관": "동국대학교 WISE캠퍼스",
        "문의": "불국사, 경주불교사암연합회, 경상북도, 경주시 관리자 050-6966-2222"
    },
    {
        "title": "춘향제",
        "개최지역": "전라북도 남원시",
        "개최기간": "2023. 5. 25. ~ 29. / 10:00 ~ 23:00",
        "축제성격": "전통역사 ",
        "관련 누리집": "http://www.chunhyang.org",
        "축제장소": "광한루원 일원",
        "요금": "부분유료",
        "소요시간": "1시간 이상",
        "연령제한": "남녀노소 누구나",
        "주최/주관기관": "남원시",
        "문의": "춘향제전위원회 관리자 063-620-5778"
    },
    {
        "title": "여주도자기축제",
        "개최지역": "경기도 여주시",
        "개최기간": "2023. 5. 19. ~ 29. / 10:00~19:00(주말 10:00~20:00)",
        "축제성격": "지역특산물 ",
        "관련 누리집": "https://www.yeojumall.com/kwa-3575406",
        "축제장소": "여주 신륵사관광지 일원",
        "요금": "무료(프래그램별 상이)",
        "주최/주관기관": "여주시",
        "문의": "지역경제과 오정숙 031-8881-9693"
    },
    {
        "title": "원주청소년축제 꽃이피다",
        "개최지역": "강원도 원주시",
        "개최기간": "2023. 5. 27. ~ 28. / 10:00~18:00",
        "축제성격": "기타 ",
        "관련 누리집": "https://wjyouthfesta.modoo.at/",
        "축제장소": "댄싱공연장",
        "요금": "무료",
        "주최/주관기관": "원주시",
        "문의": "원주ymca, 원주 청소년축제 추진위원회 관리자 033-742-9997"
    },
    {
        "title": "사계축제 꽃 기억해 (봄)",
        "개최지역": "서울시 도봉구",
        "개최기간": "2023. 5. 19. ~ 28. / 10:00~17:00",
        "축제성격": "생태자원 ",
        "관련 누리집": "https://parks.seoul.go.kr/story/news/detailView.do?bIdx=3124&searchTp=all&searchWd=%EC%84%9C%EC%9A%B8%EC%B0%BD%ED%8F%AC%EC%9B%90",
        "축제장소": "서울창포원",
        "요금": "무료",
        "주최/주관기관": "서울특별시 푸른도시여가국",
        "문의": "서울특별시 푸른도시여가국 관리자 관련 누리집 참조"
    },
    {
        "title": "부산 금정산성축제",
        "개최지역": "부산시 금정구",
        "개최기간": "2023. 5. 26. ~ 28. / 10:00~19:00",
        "축제성격": "전통역사 ",
        "관련 누리집": "http://www.gjfac.org/gjfac/main.php",
        "축제장소": "금정산성광장 및 금정산성, 금성동 일원",
        "요금": "무료(일부 유료)",
        "주최/주관기관": "부산광역시 금정구, 금정구축제위원회",
        "문의": "금정문화재단 관리자 051-715-6781"
    },
    {
        "title": "김포 아라마린페스티벌",
        "개최지역": "경기도 김포시",
        "개최기간": "2023. 5. 27. ~ 28. / 11:00 ~ 21:00",
        "축제성격": "문화예술 ",
        "관련 누리집": "https://www.aramarinefestival.com/2023/",
        "축제장소": "김포 아라마리나 일원",
        "요금": "무료",
        "주최/주관기관": "김포시, K-water",
        "문의": "수자원환경산업진흥㈜ 관리자 031-999-7833"
    },
    {
        "title": "목포세계마당페스티벌",
        "개최지역": "전라남도 목포시",
        "개최기간": "2023. 5. 26. ~ 28. / 18:00~22:00",
        "축제성격": "문화예술 ",
        "관련 누리집": "http://www.mimaf.net",
        "축제장소": "목포 로데오광장, 차안다니는거리 등 목포 원도심 일대",
        "요금": "무료",
        "주최/주관기관": "사단법인 세계마당아트진흥회, 목포MBC, 목포원도심상인회",
        "문의": "극단 갯돌, 세계마당페스티벌 추진위원회 관리자 061-243-9786"
    },
    {
        "title": "D.FESTA 거리공연축제",
        "개최지역": "서울시 종로구",
        "개최기간": "2023. 5. 26. ~ 28. / 금(17:00~21:00), 토,일(15:00~21:00)",
        "축제성격": "문화예술 ",
        "관련 누리집": "https://www.d-festa.com/",
        "축제장소": "마로니에 공원",
        "요금": "무료",
        "주최/주관기관": "(사)한국소극장협회",
        "문의": "(사)한국소극장협회 관리자 02-741-4155 / 02-741-4199"
    },
    {
        "title": "서천 자연산 광어 도미 축제",
        "개최지역": "충청남도 서천군",
        "개최기간": "2023. 5. 13. ~ 28. / 10:00~18:00",
        "축제성격": "지역특산물 ",
        "관련 누리집": "https://www.seocheon.go.kr/prog/tursmCn/v2/tour/sub03_01_02/view.do?cnt_no=46",
        "축제장소": "충청남도 서천군 서면 마량진항 일원",
        "요금": "축제장 이용요금은 무료이며, 체험프로그램은 유료로 운영됩니다.",
        "주최/주관기관": "서면개발위원회",
        "문의": "서면개발위원회 관리자 041-952-9123"
    },
    {
        "title": "봄꽃페스타",
        "개최지역": "경기도 가평군",
        "개최기간": "2023. 4. 21. ~ 5. 28. / 08:30-19:00",
        "축제성격": "생태자원 ",
        "관련 누리집": "https://www.morningcalm.co.kr/html/notice_view.php?mode=v&bbs_data=aWR4PTIyMTMmc3RhcnRQYWdlPSZsaXN0Tm89MTU0JnRhYmxlPWRoX2Jic19kYXRhJmNvZGU9bm90aWNlJnNlYXJjaF9pdGVtPSZzZWFyY2hfb3JkZXI9%7C%7C",
        "축제장소": "아침고요수목원",
        "요금": "어른 : 11,000원 / 청소년 : 8.500원 / 어린이 7,500원",
        "주최/주관기관": "아침고요수목원",
        "문의": "아침고요수목원 관리자 1544-6703"
    },
    {
        "title": "장항항 수산물 꼴갑축제",
        "개최지역": "충청남도 서천군",
        "개최기간": "2023. 5. 19. ~ 28.",
        "축제성격": "지역특산물 ",
        "관련 누리집": "http://tour.seocheon.go.kr/prog/tursmCn/v2/tour/sub03_01_07/view.do?cnt_no=54",
        "축제장소": "서천 장항항 물양장 일원",
        "주최/주관기관": "(사)서천군어민회",
        "문의": "관리자 041-950-6304"
    },
    {
        "title": "계촌 클래식 축제",
        "개최지역": "강원도 평창군",
        "개최기간": "2023. 5. 26. ~ 28.",
        "축제성격": "문화예술 ",
        "관련 누리집": "http://www.artvillage.or.kr",
        "축제장소": "강원도 평창군 방림면 계촌마을 계촌클래식공원, 계촌마을 별빛무대 등",
        "요금": "무료",
        "주최/주관기관": "현대차 정몽구 재단",
        "문의": "한국예술종합학교 관리자 information@kcrea.kr"
    },
    {
        "title": "영주 소백산철쭉제",
        "개최지역": "경상북도 영주시",
        "개최기간": "2023. 5. 27. ~ 28. / 10:00~18:00",
        "축제성격": "생태자원 ",
        "관련 누리집": "http://yctf.or.kr/azalea/",
        "축제장소": "영주시 서천둔치",
        "요금": "무료",
        "소요시간": "기간내 자유",
        "연령제한": "전연령 가능",
        "주최/주관기관": "영주시",
        "문의": "(재)영주문화관광재단 관리자 054-630-8707~10"
    },
    {
        "title": "여주금사참외축제",
        "개최지역": "경기도 여주시",
        "개최기간": "2023. 5. 26. ~ 28.",
        "축제성격": "지역특산물 ",
        "관련 누리집": "https://www.xn--jj0bn76ahhehyg.com/",
        "축제장소": "여주시 금사면 근린공원",
        "요금": "입장료 무료",
        "소요시간": "기간내자유",
        "연령제한": "연령제한없음",
        "주최/주관기관": "금사참외축제추진위원회",
        "문의": "여주시 관리자 031-887-3902"
    },
    {
        "title": "서울장미축제",
        "개최지역": "서울시 중랑구",
        "개최기간": "2023. 5. 13. ~ 28. / 10:00~21:00",
        "축제성격": "생태자원 ",
        "관련 누리집": "https://seoulrose.jnfac.or.kr/",
        "축제장소": "중랑장미공원",
        "요금": "무료",
        "소요시간": "기간내 자유",
        "연령제한": "전연령 가능",
        "주최/주관기관": "중랑문화재단",
        "문의": "중랑문화재단 관리자 02-3407-6531"
    },
    {
        "title": "부산항축제",
        "개최지역": "부산시 영도구",
        "개최기간": "2023. 5. 27. ~ 28. / 북항: 10:00~20:00 / 영도: 10:00~18:00",
        "축제성격": "문화예술 ",
        "축제참가인원(명)": "http://www.bfo.or.kr/festival_port/info/01.asp?MENUDIV=1",
        "소요예산(천원)": "부산항 국제여객터미널 일원 및 영도 아미르공원 일원",
        "관련 누리집": "일부 유료",
        "축제장소": "부산광역시",
        "요금": "항만물류과 이정희 051-713-5000"
    },
    {
        "title": "포항국제불빛축제",
        "개최지역": "경상북도 포항시",
        "개최기간": "2023. 5. 26. ~ 28. / 14:00~22:00",
        "축제성격": "기타 ",
        "관련 누리집": "https://festival.phcf.or.kr/fireWorks/subMain.do",
        "축제장소": "형산강 체육공원 일원",
        "요금": "무료",
        "주최/주관기관": "포항시",
        "문의": "포항문화재단 관리자 054-289-7852"
    },
    {
        "title": "울산대공원 장미축제",
        "개최지역": "울산시 남구",
        "개최기간": "2023. 5. 24. ~ 28. / 09:30~22:00",
        "축제성격": "생태자원 ",
        "관련 누리집": "http://www.ulsanrosefestival.com/",
        "축제장소": "울산대공원 장미원",
        "요금": "장미원입장료(동물원포함)(어른 2,000원, 청소년 1,000원, 어린이 500원), 단체 30인 이상(어른 1,600원, 청소년 800원, 어린이 400원) - 무료입장 : 4세미만, 65세 이상, 장애인 및 장애1~3등급 보호자 1인(신분증, 증비서류 지참)",
        "주최/주관기관": "울산광역시, SK이노베이션(주)",
        "문의": "녹지공원과 장태훈 052-229-3341"
    },
    {
        "title": "생거진천 농다리축제",
        "개최지역": "충청북도 진천군",
        "개최기간": "2023. 5. 26. ~ 28. / 09:30~22:00(일자별 차이있음)",
        "축제성격": "전통역사(관광특산) ",
        "관련 누리집": "http://www.jincheon.go.kr/site/culture/sub.do?menukey=2832",
        "축제장소": "문백면 농다리 일원(충북 진천군 문백면 구산동리 135번지 일원)",
        "오시는 길": "* 고속도로 이용 시\n중부고속도로 - 진천 IC - 국도 21호선(진천읍 방면) - 국도 34호선(증평 방면) - 농공단지 - 진천 농교\n\n* 청주-진천 간 국도 이용 시\n문백 옥성리(야영장 방면, 우회전) - 오미마을 앞 삼거리(초평 방면, 우측 도로 이용) - 진천 방면 직진 (관광안내판 참고)",
        "요금": "없음(무료)",
        "주최/주관기관": "진천문화원",
        "문의": "문화체육과 이수진 043-533-2742 / 2744"
    },
    {
        "title": "무등울림축제",
        "개최지역": "광주시 동구",
        "개최기간": "2023. 5. 25. ~ 27.",
        "축제성격": "문화예술 ",
        "관련 누리집": "http://www.gtcc.or.kr/",
        "축제장소": "전통문화관",
        "주최/주관기관": "광주광역시",
        "문의": "무등울림추진위원회 관리자 062-670-8057"
    },
    {
        "title": "전주문화재야행 풍패지향 왕의 궁원을 거닐다",
        "개최지역": "전라북도 전주시",
        "개최기간": "2023. 5. 26. ~ 27. / (금)18:00~23:00, (토)18:00~23:00",
        "축제성격": "전통역사 ",
        "관련 누리집": "http://www.jeonjunight.com/",
        "축제장소": "전주 한옥마을, 경기전, 풍남문, 전라감영, 풍패지관",
        "요금": "* 체험 프로그램(유료)",
        "주최/주관기관": "문화재청, 전라북도, 전주시",
        "문의": "문화예술공작소 관리자 063-232-9937"
    },
    {
        "title": "제주 반려동물 문화축제",
        "개최지역": "제주도 제주시",
        "개최기간": "2023. 5. 27. / 10:00~18:00",
        "축제성격": "기타 ",
        "관련 누리집": "http://www.jejufairs.com",
        "축제장소": "제주 시민복지타운광장 일원",
        "요금": "무료",
        "주최/주관기관": "제주특별자치도",
        "문의": "제주특별자치도, JIBS제주방송 관리자 064-710-2665"
    },
    {
        "title": "피나클랜드 불꽃 축제",
        "개최지역": "충청남도 아산시",
        "개최기간": "2023. 3. 25. ~ 5. 27. / 20:00",
        "축제성격": "기타 ",
        "관련 누리집": "https://www.pinnacleland.co.kr/",
        "축제장소": "피나클랜드 수목원 일대",
        "요금": "유료 (성인 12,000원 / 청소년 10,000원 / 어린이 9,000원)",
        "소요시간": "5분",
        "연령제한": "전연령가능",
        "주최/주관기관": "㈜피나클랜드농업회사법인",
        "문의": "㈜피나클랜드농업회사법인 관리자 041-541-2582"
    },
    {
        "title": "서울드럼페스티벌",
        "개최지역": "서울시 서울시청",
        "개최기간": "2023. 5. 26. ~ 27.",
        "축제성격": "문화예술 ",
        "관련 누리집": "http://www.seouldrum.go.kr/",
        "축제장소": "노들섬",
        "요금": "무료",
        "주최/주관기관": "서울특별시",
        "문의": "문화정책과 박정욱 02-6401-9718 (am 10:00 ~ pm 17:00)"
    },
    {
        "title": "해운대 모래축제",
        "개최지역": "부산시 해운대구",
        "개최기간": "2023. 5. 19. ~ 22. / 10:00~24:00",
        "축제성격": "문화예술 ",
        "관련 누리집": "https://www.haeundae.go.kr/tour/index.do?menuCd=DOM_000000309005000000",
        "축제장소": "해운대해수욕장, 해운대광장 일원",
        "요금": "무료 (일부유료)",
        "주최/주관기관": "해운대구",
        "문의": "051-717-2642"
    },
    {
        "title": "한강 서래섬 유채꽃 축제",
        "개최지역": "서울시 서초구",
        "개최기간": "2023. 5. 12. ~ 21. / 11:00~22:00",
        "축제성격": "생태자원 ",
        "관련 누리집": "https://hangang.seoul.go.kr/",
        "축제장소": "반포한강공원 서래섬",
        "요금": "무료",
        "주최/주관기관": "서울특별시 한강사업본부",
        "문의": "서울특별시 한강사업본부 관리자 02-120"
    },
    {
        "title": "성북세계음식축제 누리마실",
        "개최지역": "서울시 성북구",
        "개최기간": "2023. 5. 21. / 11:00~18:00",
        "축제성격": "기타 ",
        "관련 누리집": "http://nurimasil.net/",
        "축제장소": "성북로 일대 (성북1동 치안센터 건너편 ~ 홍익중고 앞 버스정류장)",
        "요금": "무료",
        "주최/주관기관": "성북구",
        "문의": "성북문화재단, 누리마실친구들 관리자 02-6906-3107"
    },
    {
        "title": "태화강국가정원 봄꽃축제",
        "개최지역": "울산시 중구",
        "개최기간": "2023. 5. 19. ~ 21. / 00:00~24:00",
        "축제성격": "생태자원 ",
        "관련 누리집": "https://www.ulsan.go.kr/s/garden/main.ulsan",
        "축제장소": "태화강 국가정원",
        "요금": "무료",
        "소요시간": "기간내자유",
        "연령제한": "전연령가능",
        "주최/주관기관": "울산광역시",
        "문의": "울산광역시 관리자 052-229-7562"
    },
    {
        "title": "장성 황룡강 홍길동무 꽃길 축제",
        "개최지역": "전라남도 장성군",
        "개최기간": "2023. 5. 19. ~ 21. / 10:00~20:00",
        "축제성격": "전통역사 ",
        "관련 누리집": "https://www.jangseong.go.kr/home/tour_new/festival/festival_04/festival_04_02",
        "축제장소": "홍길동테마파크 관광지, 황룡강변(공설운동장)",
        "요금": "무료",
        "소요시간": "기간내자유",
        "연령제한": "전연령 가능함",
        "주최/주관기관": "장성군",
        "문의": "장성군축제위원회 관리자 061-390-7240"
    },
    {
        "title": "홍성남당항 바다송어 축제",
        "개최지역": "충청남도 홍성군",
        "개최기간": "2023. 4. 22. ~ 5. 21. / 09:00~24:00",
        "축제성격": " ",
        "관련 누리집": "https://blog.naver.com/official_namdang",
        "축제장소": "남당항일원",
        "요금": "드시는 가격은 ㎏당 7만원, 포장은 ㎏당 4만5000원",
        "주최/주관기관": "홍성남당항어촌계",
        "문의": "홍성남당항어촌계 관리자 041-634-0104"
    },
    {
        "title": "부산가족축제",
        "개최지역": "부산시 금정구",
        "개최기간": "2023. 5. 8. ~ 21. / 11:00~16:00",
        "축제성격": "기타 ",
        "관련 누리집": "https://xn--o39aw54a7jcg1kemaw8w.kr/",
        "축제장소": "부산시민공원 다솜마당",
        "요금": "무료",
        "주최/주관기관": "부산광역시",
        "문의": "부산지역 12개소 건강가정지원센터 및 가족센터 관리자 051-330-3472 / 1577-9337"
    },
    {
        "title": "성주참외&생명문화축제",
        "개최지역": "경상북도 성주군",
        "개최기간": "2023. 5. 18. ~ 21. / 10:00~21:00",
        "축제성격": "지역특산물 ",
        "관련 누리집": "https://www.sj.go.kr/sjlife/main.do?test=1",
        "축제장소": "성주 성밖숲",
        "요금": "무료",
        "주최/주관기관": "성주군",
        "문의": "성주군축제추진위원회 관리자 054-930-6982~3"
    },
    {
        "title": "남이섬 세계책나라축제",
        "개최지역": "강원도 춘천시",
        "개최기간": "2023. 5. 5. ~ 21. / 11:00~17:00",
        "축제성격": "문화예술 ",
        "관련 누리집": "https://www.namisum.com/36/?q=YToxOntzOjEyOiJrZXl3b3JkX3R5cGUiO3M6MzoiYWxsIjt9&bmode=view&idx=14565447&t=board",
        "축제장소": "남이섬 일대",
        "요금": "남이섬 입장 시 무료 이용, 일부 체험프로그램 유료",
        "소요시간": "기간내자유",
        "연령제한": "전연령가능",
        "주최/주관기관": "세계책나라축제위원회",
        "문의": "남이섬교육문화그룹 관리자 031-580-8015/ 02-318-6290"
    },
    {
        "title": "밀양 아리랑대축제",
        "개최지역": "경상남도 밀양시",
        "개최기간": "2023. 5. 18. ~ 21.",
        "축제성격": "전통역사 ",
        "관련 누리집": "http://www.arirang.or.kr/",
        "축제장소": "영남루 및 밀양강변, 남천강변로 일원",
        "요금": "무료",
        "주최/주관기관": "밀양시",
        "문의": "(재)밀양문화재단 관리자 055-359-4500"
    },
    {
        "title": "연등회",
        "개최지역": "서울시 종로구",
        "개최기간": "2023. 5. 19. ~ 21.",
        "축제성격": "기타 ",
        "관련 누리집": "http://www.연등회.kr",
        "축제장소": "종로거리 전체, 광화문 광장, 봉은사, 조계사",
        "오시는 길": "* 교통편\nKTX (서울역, 용산역 - 지하철 1호선 종각역 하차)\n고속버스 (강남 터미널 - 지하철 3호선 안국역 하차)\n승용차 (세종로 주차장, 경복궁 주차장 - 유료)\n\n지하철\n조계사 : 지하철 3호선 안국역\n종 로 : 지하철 1호선 종각역",
        "요금": "무료",
        "소요시간": "자유",
        "연령제한": "전연령 가능함",
        "주최/주관기관": "연등회 보존위원회",
        "문의": "관리자 02-2011-1744~1747"
    },
    {
        "title": "장미꽃 필(feel)무렵 축제",
        "개최지역": "대구시 달서구",
        "개최기간": "2023. 5. 19. ~ 21. / 10:00~18:00",
        "축제성격": "생태자원 ",
        "관련 누리집": "http://www.dscf.or.kr/pages/intro/",
        "축제장소": "이곡동 장미공원",
        "요금": "없음",
        "연령제한": "전 연령 가능",
        "주최/주관기관": "대구광역시 달서구",
        "문의": "관리자 053-584-9715"
    },
    {
        "title": "음성품바축제",
        "개최지역": "충청북도 음성군",
        "개최기간": "2023. 5. 17. ~ 21. / 10:00~22:00",
        "축제성격": "전통역사 ",
        "관련 누리집": "https://pumba.kr/",
        "축제장소": "음성설성공원",
        "요금": "무료",
        "주최/주관기관": "음성군축제추진위원회/음성예총",
        "문의": "음성군 문화체육과 장덕남 043-873-2241 / 070-7703-6026"
    },
    {
        "title": "기장붕장어축제",
        "개최지역": "부산시",
        "개최기간": "2023. 5. 19. ~ 21. / 11:00~21:00",
        "축제성격": " ",
        "관련 누리집": "https://www.gijang.go.kr/tour/index.gijang?menuCd=DOM_000000302003001000&link=success&cpath=%2Ftour",
        "축제장소": "칠암붕장어마을 일원",
        "요금": "무료",
        "주최/주관기관": "기장붕장어축제추진위원회",
        "문의": "해양수산과 한동철 051-727-6810"
    },
    {
        "title": "고양행주문화제",
        "개최지역": "경기도 고양시",
        "개최기간": "2023. 5. 19. ~ 21. / 13:00~21:00",
        "축제성격": "전통역사 ",
        "관련 누리집": "http://www.hjfestival.or.kr",
        "축제장소": "고양 행주산성 및 행주산성역사공원 일원",
        "요금": "무료",
        "주최/주관기관": "고양특례시",
        "문의": "1577-7766"
    },
    {
        "title": "영천한약축제",
        "개최지역": "경상북도 영천시",
        "개최기간": "2023. 5. 19. ~ 21.",
        "축제성격": "전통역사 ",
        "관련 누리집": "https://ilove-yc.co.kr/",
        "축제장소": "영천한의마을",
        "요금": "무료",
        "주최/주관기관": "영천한약축제추진위원회, 영천한방산업발전협의회",
        "문의": "054-339-7247~9"
    },
    {
        "title": "국회동심한마당",
        "개최지역": "서울시 영등포구",
        "개최기간": "2023. 5. 20. / 10:00~17:00",
        "축제성격": "기타 ",
        "관련 누리집": "https://pumassi.org/",
        "축제장소": "국회의사당 잔디광장",
        "요금": "무료",
        "소요시간": "기간내자유",
        "연령제한": "전연령가능",
        "주최/주관기관": "H2O 품앗이운동본부",
        "문의": "제15회 동심한마당 위원회 관리자 02-595-3325"
    },
    {
        "title": "세계인 어울림 한마당",
        "개최지역": "대전시 서구",
        "개최기간": "2023. 5. 20. / 11:00 ~ 16:00",
        "축제성격": "기타 ",
        "관련 누리집": "https://www.dic.or.kr/kor/main/index.html",
        "축제장소": "대전컨벤션센터 2층 그랜드볼룸",
        "요금": "무료",
        "주최/주관기관": "대전광역시, 대전광역시사회서비스원, 대전출입국·외국인사무소",
        "문의": "대전광역시 외국인주민 통합지원센터 관리자 042-223-0789"
    },
    {
        "title": "부평향교 효를 나누는 응다방",
        "개최지역": "인천시 계양구",
        "개최기간": "2023. 5. 20. / 14:00~17:00",
        "축제성격": "전통역사 ",
        "관련 누리집": "http://www.igycc.or.kr/",
        "축제장소": "부평향교(인천광역시 유형문화재)",
        "요금": "유료 (참가비(재료비): 5,000원)",
        "소요시간": "13:00~17:00",
        "주최/주관기관": "계양구",
        "문의": "계양문화원 관리자 032-450-5754"
    },
    {
        "title": "2023 국회동심한마당",
        "개최지역": "서울시 영등포구",
        "개최기간": "2023. 5. 20. / 10:00~17:00",
        "축제성격": "기타 ",
        "관련 누리집": "https://pumassi.org/",
        "축제장소": "국회 잔디마당",
        "요금": "무료",
        "소요시간": "기간내자유",
        "연령제한": "전연령가능",
        "주최/주관기관": "H2O 품앗이운동본부",
        "문의": "제15회 동심한마당 위원회 관리자 02-595-3325"
    },
    {
        "title": "부산세계시민축제",
        "개최지역": "부산시 연제구",
        "개최기간": "2023. 5. 20. / 11:00~19:00",
        "축제성격": "문화예술 ",
        "관련 누리집": "http://www.globalgathering.co.kr/2023/",
        "축제장소": "영화의 전당",
        "요금": "무료",
        "주최/주관기관": "부산광역시, 법무부",
        "문의": "(재)부산국제교류재단, 부산출입국·외국인청, (사)문화복지공감 관리자 051-711-6845 / 6854"
    },
    {
        "title": "허암예술제",
        "개최지역": "인천시 서구",
        "개최기간": "2023. 5. 20. / 19:00~18:00",
        "축제성격": "문화예술 ",
        "관련 누리집": "https://www.issi.or.kr/sub/contents/default_page.asp?mNo=MD040010010",
        "축제장소": "서구국민체육센터",
        "요금": "무료",
        "연령제한": "5세이상",
        "주최/주관기관": "인천광역시 서구",
        "문의": "인천광역시 서구국민체육센터 관리자 032-569-7980"
    },
    {
        "title": "창경궁 야연",
        "개최지역": "서울시 종로구",
        "개최기간": "2023. 5. 2. ~ 19. / 16:00-20:30",
        "축제성격": "전통역사 ",
        "관련 누리집": "https://www.chf.or.kr/chf",
        "축제장소": "서울 종로구 창경궁 문정전",
        "요금": "1인 100,000원(체험객 1인 외 가족 관람객 최대 4인 참가),할인정보: 장애인 1-3급(본인 포함 2인) 50% 할인, 장애인 4-6급(본인) 50% 할인,국가유공자(본인) 50% 할인",
        "주최/주관기관": "문화재청 궁능유적부",
        "문의": "한국문화재재단 관리자 1522-2295"
    },
    {
        "title": "전라남도 정원페스티벌",
        "개최지역": "전라남도 완도군",
        "개최기간": "2023. 5. 4. ~ 15. / 10:00~20:00",
        "축제성격": "생태자원 ",
        "관련 누리집": "http://www.gardenist.co.kr/pages/wando/",
        "축제장소": "완도 해변공원",
        "요금": "무료",
        "연령제한": "전연령",
        "주최/주관기관": "한국가드너협동조합",
        "문의": "완도군 관리자 061-751-6045"
    },
    {
        "title": "안성 FCI 국제 도그쇼, KKF 챔피언십 도그쇼",
        "개최지역": "경기도 안성시",
        "개최기간": "2023. 5. 13. ~ 14. / 10:00~18:00",
        "축제성격": "기타 ",
        "관련 누리집": "http://www.thekkf.or.kr",
        "축제장소": "풍산개 테마공원",
        "요금": "무료",
        "연령제한": "전연령",
        "주최/주관기관": "한국애견연맹",
        "문의": "한국애견연맹 관리자 031-674-4348"
    },
    {
        "title": "정선곤드레 산나물축제",
        "개최지역": "강원도 정선군",
        "개최기간": "2023. 5. 11. ~ 14. / 09:00 ~ 21:00",
        "축제성격": "생태자원 ",
        "관련 누리집": "https://blog.naver.com/hg5455/223080401178",
        "축제장소": "정선읍 공설운동장",
        "요금": "무료",
        "주최/주관기관": "정선군 곤드레산나물 축제위원회",
        "문의": "정선곤드레산나물축제위원회 관리자 033-563-1151"
    },
    {
        "title": "구리 유채꽃 한강예술제",
        "개최지역": "경기도 구리시",
        "개최기간": "2023. 5. 12. ~14, / 10:00~22:00",
        "축제성격": "생태자원 ",
        "관련 누리집": "https://m.blog.naver.com/guri9279/223085912371",
        "축제장소": "구리한강시민공원",
        "주최/주관기관": "구리시",
        "문의": "(사)구리문화원 관리자 031-550-2065"
    },
    {
        "title": "김해 꽃 축제",
        "개최지역": "경상남도 김해시",
        "개최기간": "2023. 5. 11. ~ 14.",
        "축제성격": "생태자원 ",
        "관련 누리집": "https://www.gimhae.go.kr/main.web",
        "축제장소": "대동생태체육공원 일원",
        "요금": "무료",
        "부대행사": "5월 11일(목) 11:00 ~ 21:00\n5월 12일(금) 09:00 ~ 18:00\n5월 13일(토) 11:00 ~ 18:30\n5월 14일(일) 11:00 ~ 18:00",
        "주최/주관기관": "대동농협,영남화훼농협,부경원예농협",
        "문의": "김해꽃축제추진위원회 관리자 055-335-7711"
    },
    {
        "title": "유성온천문화축제",
        "개최지역": "대전시 유성구",
        "개최기간": "2023. 5. 12. ~ 14. / 11:00~21:00",
        "축제성격": "문화예술 ",
        "관련 누리집": "http://ysfesta.com",
        "축제장소": "온천로, 계룡스파텔 잔디광장",
        "요금": "무료",
        "주최/주관기관": "유성구",
        "문의": "유성구, 유성문화원 관리자 042-611-2080"
    },
    {
        "title": "금천하모니축제",
        "개최지역": "서울시 금천구",
        "개최기간": "5.13(토) 11:00~22:00 / 5.14(일) 11:00~17:00",
        "축제성격": "기타 ",
        "관련 누리집": "https://gcfac.or.kr/content?gcfac_menu_cd=U0107",
        "축제장소": "금천구청 앞, 안양천 일대",
        "요금": "무료",
        "소요시간": "1시간 이내",
        "주최/주관기관": "금천구",
        "문의": "금천문화재단 관리자 02-809-8238"
    },
    {
        "title": "광주 왕실도자기축제",
        "개최지역": "경기도 광주시",
        "개최기간": "2023. 5. 4. ~ 14. / 10:00~18:00",
        "축제성격": "문화예술 ",
        "관련 누리집": "https://www.gjcity.go.kr/tour/main.do",
        "축제장소": "곤지암도자공원 일대",
        "요금": "무료",
        "주최/주관기관": "광주시",
        "문의": "공주왕실도자기추진위원 관리자 031-760-1729"
    },
    {
        "title": "춘천 반려동물 페스티벌",
        "개최지역": "강원도 춘천시",
        "개최기간": "2023. 5. 13. ~ 14. / 10:00~18:00",
        "축제성격": "기타 ",
        "관련 누리집": "https://www.ccpf.co.kr/",
        "축제장소": "춘천 강아지숲",
        "요금": "무료",
        "연령제한": "전 연령",
        "주최/주관기관": "춘천시",
        "문의": "관리자 1644-4845"
    },
    {
        "title": "부산연등축제",
        "개최지역": "부산시 부산진구",
        "개최기간": "2023. 4. 28. ~ 5. 14.",
        "축제성격": "기타 ",
        "관련 누리집": "http://www.bba48.or.kr/",
        "축제장소": "송상현광장, 부산시민공원",
        "요금": "무료",
        "소요시간": "개별안내",
        "연령제한": "전연령가능",
        "주최/주관기관": "부산광역시불교연합회",
        "문의": "부산연등축제조직위원회 관리자 051-867-0501"
    },
    {
        "title": "행주가 예술이야",
        "개최지역": "경기도 고양시",
        "개최기간": "2023. 4. 28. ~ 5. 14. / 18:00-22:00 (21시 입장마감)",
        "축제성격": "전통역사 ",
        "관련 누리집": "http://www.goyang.go.kr/haengju/index.do",
        "축제장소": "행주산성",
        "요금": "무료",
        "소요시간": "자유관람",
        "연령제한": "제한없음",
        "주최/주관기관": "고양시 관광과",
        "문의": "고양시(고양문화재단) 관리자 031-8075-3404"
    },
    {
        "title": "파워풀대구페스티벌",
        "개최지역": "대구시 중구",
        "개최기간": "2023.5.12.(금) 18:00~20:00 / 2023.5.13(토) 12:00-02:00 / 2023.05.14.(일) 12:00-22:00",
        "축제성격": "문화예술 ",
        "관련 누리집": "https://www.pwf.or.kr",
        "축제장소": "대구광역시 중구 국채보상로 (서성네거리~공평네거리), 2.28기념중앙공원 일대",
        "요금": "부대행사(푸드존) 제외 이용요금 무료",
        "주최/주관기관": "(사)한국예총대구광역시연합회 ",
        "문의": "(재)대구문화재단 관리자 053-252-8370, 053-252-8133"
    },
    {
        "title": "2566부산연등축제",
        "개최지역": "부산시 부산진구",
        "개최기간": "202. 4. 28. ~ 5. 14.",
        "축제성격": "기타 ",
        "관련 누리집": "http://www.bba48.or.kr/",
        "축제장소": "송상현광장, 부산시민공원",
        "요금": "무료",
        "소요시간": "개별안내",
        "연령제한": "전연령가능",
        "주최/주관기관": "부산광역시불교연합회",
        "문의": "부산연등축제조직위원회 관리자 051-867-0501"
    },
    {
        "title": "울산 쇠부리축제",
        "개최지역": "울산시 북구",
        "개최기간": "2023. 5. 12. ~ 14. / 10:00 ~ 21:00",
        "축제성격": "문화예술 ",
        "관련 누리집": "http://www.soeburi.org/",
        "축제장소": "울산 달천철장",
        "요금": "무료",
        "소요시간": "기간내자유",
        "연령제한": "전연령가능",
        "주최/주관기관": "울산광역시 북구",
        "문의": "울산쇠부리축제추진위원회 관리자 052-293-3500"
    },
    {
        "title": "원주한지문화제",
        "개최지역": "강원도 원주시",
        "개최기간": "2023. 5. 5. ~ 14.",
        "축제성격": "전통역사 ",
        "관련 누리집": "http://www.wonjuhanji.co.kr",
        "축제장소": "원주한지테마파크 일원",
        "요금": "입장료: 무료 / 체험프로그램: 소원등 2000원, 온라인키트 10,000원",
        "소요시간": "기간내자유",
        "연령제한": "전연령 가능함",
        "주최/주관기관": "사단법인 한지개발원",
        "문의": "원주한지문화제위원회 관리자 033-734-4739"
    },
    {
        "title": "영양산나물축제",
        "개최지역": "경상북도 영양군",
        "개최기간": "2023. 5. 11. ~ 14. / 10:00~22:00",
        "축제성격": "지역특산물 ",
        "관련 누리집": "http://yftf.kr/board/bbs/board.php?bo_table=festival01",
        "축제장소": "영양군청, 영양전통시장 일원",
        "오시는 길": "* 서울 : 경부고속 - 신갈IC - 영동고속 - 서안동IC(거리:226km) - 영덕방향 - 진보 - 영양\n* 서울 : 여수 - 중부내륙고속 - 문경IC - 안동 - 영덕방향 - 진보 - 영양\n* 대전 : 대전IC - 경부고속 - 대구금호IC - 중앙고속 - 남안동IC - 영덕방향 - 진보 - 영양\n* 광주 : 광주 - 88고속 - 서대구IC - 중앙고속 - 남안동IC - 영덕방향 - 진보 - 영양\n* 부산 : 부산 - 경부고속 - 금호IC - 중앙고속 - 남안동IC(거리:209km) - 영덕방향 진보 - 영양\n* 중부내륙고속도로 : 여주IC - 충주 - 괴산 - 문경 - 예천 - 안동 - 진보 - 영양",
        "요금": "무료",
        "주최/주관기관": "영양군",
        "문의": "영양군 문화관광과 조중후 054-683-7300"
    },
    {
        "title": "울산고래축제",
        "개최지역": "울산시 남구",
        "개최기간": "2023. 5. 11. ~ 14. / 10:00 ~ 21:00",
        "축제성격": "지역특산물 ",
        "관련 누리집": "http://www.ulsanwhale.com",
        "축제장소": "장생포 고래문화특구 일원",
        "요금": "무료",
        "주최/주관기관": "울산광역시 남구",
        "문의": "울산광역시 남구 고래관광과 이성희 052-226-1999"
    }
]