[
    {
        "title": "창녕문화재 야행",
        "개최지역": "경상남도 창녕군",
        "개최기간": "2023. 5. 12. ~ 13. / 18:00~22:30",
        "축제성격": " ",
        "관련 누리집": "https://xn--o70b559af2ecwk.com/",
        "축제장소": "창녕읍 일원(만옥정공원, 젊음의 광장, 술정리동삼층석탑)",
        "요금": "무료",
        "주최/주관기관": "창녕군",
        "문의": "(사)한국예술문화단체총연합회 창녕지회 관리자 055-533-1236"
    },
    {
        "title": "경복궁 별빛야행",
        "개최지역": "서울시 종로구",
        "개최기간": "2023. 4. 15. ~ 5. 13.",
        "축제성격": "전통역사 ",
        "관련 누리집": "https://www.chf.or.kr/",
        "축제장소": "경복궁",
        "요금": "일반석 60,000원 / 시야제한석 55,000원",
        "소요시간": "약 160분",
        "연령제한": "미취학아동 이용불가",
        "주최/주관기관": "문화재청 궁능유적본부",
        "문의": "한국문화재재단 관리자 1522-2295"
    },
    {
        "title": "동학농민혁명기념제",
        "개최지역": "전라북도 정읍시",
        "개최기간": "2023. 5. 11. / 10:00~20:00",
        "축제성격": "전통역사 ",
        "관련 누리집": "http://www.xn--vy7bi4fvi.com/festival/",
        "축제장소": "동학농민혁명기념공원",
        "요금": "무료",
        "주최/주관기관": "정읍시",
        "문의": "(사)동학농민혁명계승사업회 관리자 063-538-1894"
    },
    {
        "title": "밤의 석조전",
        "개최지역": "서울시 중구",
        "개최기간": "2023. 4. 11. ~ 5. 11.",
        "축제성격": "전통역사 ",
        "관련 누리집": "https://www.chf.or.kr/chf",
        "축제장소": "덕수궁 석조전",
        "요금": "1인 26,000원, 할인정보: 장애인 50%(1~3급/본인포함 2인, 4급이하/본인 한정), 국가유공자 본인 한정 50% 할인",
        "소요시간": "약 80분",
        "연령제한": "미취학아동입장불가",
        "부대행사": "1회차 18:30\n2회차 19:00\n3회차 19:30",
        "주최/주관기관": "문화재청 궁능유적본부",
        "문의": "한국문화재재단 관리자 02-3210-4685"
    },
    {
        "title": "모두하나대축제",
        "개최지역": "서울시 종로구",
        "개최기간": "2023. 4. 17. ~ 5. 10. / 10:30~16:30",
        "축제성격": "기타 ",
        "관련 누리집": "https://www.xn--hu1b83jpzlowae4r.com/",
        "축제장소": "소태산기념관 1층",
        "요금": "무료",
        "주최/주관기관": "서울특별시",
        "문의": "관리자 02-861-3020"
    },
    {
        "title": "차전장군 노국공주축제",
        "개최지역": "경상북도 안동시",
        "개최기간": "2023. 5. 4. ~ 8. / 10:00~21:00",
        "축제성격": "전통역사 ",
        "관련 누리집": "https://adcc.or.kr/",
        "축제장소": "안동 원도심 일원",
        "요금": "무료(체험프로그램 참여시 부분유료, 프로그램별 상이)",
        "주최/주관기관": "안동시",
        "문의": "안동문화원 관리자 054-859-0825"
    },
    {
        "title": "진주 논개제",
        "개최지역": "경상남도 진주시",
        "개최기간": "2023. 5. 5. ~ 8.",
        "축제성격": "전통역사 ",
        "관련 누리집": "http://nongaefestival.kr/",
        "축제장소": "진주성 및 남강일원",
        "주최/주관기관": "진주시, 진주문화관광재단, 진주문화원,(사)진주민속예술보존회",
        "문의": "문화관광과 강승훈 055-746-5081"
    },
    {
        "title": "고양국제꽃박람회",
        "개최지역": "경기도 고양시",
        "개최기간": "2023. 4. 27. ~ 5. 8. / 10:00 ~ 21:00",
        "축제성격": "지역특산물 ",
        "관련 누리집": "http://www.flower.or.kr",
        "축제장소": "일산 호수공원 고양꽃전시관 실내·외",
        "주최/주관기관": "재단법인 고양국제꽃박람회",
        "문의": "031-908-7750"
    },
    {
        "title": "어린이・가족문화축제 “하우펀(HOW FUN) 9\"",
        "개최지역": "광주시 동구",
        "개최기간": "2023. 5. 5. ~ 7. / 10:00-18:00",
        "축제성격": "문화예술 ",
        "관련 누리집": "https://www.acc.go.kr/main/contents.do?PID=03040801",
        "축제장소": "국립아시아문화전당",
        "요금": "무료(일부 프로그램 유료 / 체험 5,000원 / 공연-어둑시니 10,000원)",
        "부대행사": "▷ 아시아컬처마켓 : 도시 속 문화장터 <도시를 담다>\n▷ ACCF×청춘발산협동조합 - 이번 정류장은 플라스틱 정류장입니다.",
        "주최/주관기관": "국립아시아문화전당",
        "문의": "국립아시아문화전당재단 관리자 1899-5566"
    },
    {
        "title": "가족의 달 어린이 축제",
        "개최지역": "인천시 중구",
        "개최기간": "2023. 5. 6. ~ 7 / 10:00~17:00",
        "축제성격": "기타 ",
        "관련 누리집": "https://ijcf.or.kr/",
        "축제장소": "5월 6일 - 한중문화관/ 5월 7일 - 영종역사관으로 일정이 변경 되었습니다.",
        "요금": "무료",
        "주최/주관기관": "(재)인천중구문화재단",
        "문의": "(재)인천중구문화재단 관리자 070-4123-8950"
    },
    {
        "title": "임실N펫스타",
        "개최지역": "전라북도 임실군",
        "개최기간": "2023. 5. 5. ~ 7. / 10:00~21:00",
        "축제성격": "기타 ",
        "관련 누리집": "https://korean.visitkorea.or.kr/detail/fes_detail.do?cotid=d80b35a2-06af-4683-b29e-f8cc11ce27a8&big_category=A02&mid_category=A0207&big_area=37",
        "축제장소": "오수의견공원",
        "요금": "무료",
        "주최/주관기관": "임실군청",
        "문의": "임실군청 관리자 063-640-2313"
    },
    {
        "title": "지평선 추억의 보리밭 축제",
        "개최지역": "전라북도 김제시",
        "개최기간": "2023. 5. 5. ~ 7. / 10:00 ~ 18:00",
        "축제성격": "생태자원 ",
        "관련 누리집": "http://barleyfestival.com/",
        "축제장소": "진봉면 새만금 민가섬 청보리밭 일원 /주차장(심포항)",
        "요금": "무료",
        "주최/주관기관": "진봉면 지역발전협의회",
        "문의": "관리자 063-540-4790"
    },
    {
        "title": "담양대나무축제",
        "개최지역": "전라남도 담양군",
        "개최기간": "2023. 5. 3. ~ 7.",
        "축제성격": "생태자원 ",
        "관련 누리집": "http://www.bamboofestival.co.kr/",
        "축제장소": "추성경기장 및 관방제림 일원",
        "요금": "누리집 참고",
        "소요시간": "시간내 자유",
        "연령제한": "전연령 관람가능",
        "주최/주관기관": "담양군",
        "문의": "(사)담양대나무축제위원회 관리자 061-380-3150, 3152"
    },
    {
        "title": "DDP 봄축제 : 디자인 놀이동산",
        "개최지역": "서울시 중구",
        "개최기간": "2023. 5. 4. ~ 7. / 11:00~20:00",
        "축제성격": "기타 ",
        "관련 누리집": "https://ddp.or.kr/?menuno=228",
        "축제장소": "동대문디자인플라자",
        "요금": "무료",
        "주최/주관기관": "서울특별시",
        "문의": "(주)한글로벌 관리자 02-2153-0000"
    },
    {
        "title": "영주 한국선비문화축제",
        "개최지역": "경상북도 영주시",
        "개최기간": "2023. 5. 5. ~ 7. / 10:00 ~ 22:00 ＊변동가능",
        "축제성격": "문화예술 ",
        "관련 누리집": "http://yctf.or.kr/seonbi/",
        "축제장소": "소수서원, 선비촌, 선비세상 및 서천둔치 일원",
        "요금": "무료",
        "주최/주관기관": "영주시",
        "문의": "(재)영주문화관광재단 관리자 054-630-8707~10"
    },
    {
        "title": "BLOSSOM THE HOPE",
        "개최지역": "서울시 강남구",
        "개최기간": "2023. 5. 2. ~ 7. / 10:00~19:00 (일부 전시 일정 상이함)",
        "축제성격": "기타 ",
        "관련 누리집": "http://www.coexworld.co.kr/main/",
        "축제장소": "코엑스",
        "요금": "무료",
        "주최/주관기관": "강남구, 한국무역협회, 코엑스 MICE클러스트 위원회(CMC)",
        "문의": "코엑스 관리자 02-6000-1155"
    },
    {
        "title": "해남 어린이 공룡대축제",
        "개최지역": "전라남도 해남군",
        "개최기간": "2023. 5. 5. ~ 7. / 10:00~18:00",
        "축제성격": "기타 ",
        "관련 누리집": "http://uhangridinopia.haenam.go.kr/",
        "축제장소": "해남 공룡박물관",
        "요금": "무료/유료",
        "주최/주관기관": "해남군",
        "문의": "해남군 관리자 061-530-5949"
    },
    {
        "title": "일림산 철쭉문화행사",
        "개최지역": "전라남도 보성군",
        "개최기간": "2023. 5. 5. ~ 7.",
        "축제성격": "생태자원 ",
        "관련 누리집": "https://www.boseong.go.kr/tour/festivity/tea_aroma",
        "축제장소": "일림산 용추계곡 주차장",
        "요금": "무료",
        "주최/주관기관": "보성군(산림산업과)",
        "문의": "일림산 철쭉문화행사 추진위원회 관리자 061-850-5481"
    },
    {
        "title": "베어트리파크 철쭉제 봄과 철쭉",
        "개최지역": "세종시 세종특별자치시",
        "개최기간": "2023. 4. 15. ~ 5. 7. / 오전 9시 ~ 오후 6시",
        "축제성격": "생태자원 ",
        "관련 누리집": "http://beartreepark.com/",
        "축제장소": "베어트리파크",
        "요금": "성인 : 12,000원 / 청소년 : 10,000원 / 어린이 : 8,000원 / 경로, 장애인, 유공자, 지역민 : 10,000원",
        "주최/주관기관": "베어트리파크",
        "문의": "베어트리파크 관리자 044-866-7766"
    },
    {
        "title": "청남대 봄꽃, 문화예술 축제 영춘제",
        "개최지역": "충청북도 청주시",
        "개최기간": "2023. 4. 22. ~ 5. 7. / 09:00~18:00 / 매주 토요일 야간개장 21:00까지",
        "축제성격": "문화예술 ",
        "관련 누리집": "www.chnam.chungbuk.go.kr",
        "축제장소": "청남대 일원(어울림마당, 헬기장, 대통령기념관 등)",
        "요금": "유료/ 일반 어른 6,000원, 청소년 군 경찰 4,000원, 어린이 노인 3,000원, 도민 20인 이상 단체 1,000원씩 할인 / 국가 독립 참전유공자 장애인 광주 민주화 유공자 무료, 버스 3,000원 승용차 2,000원 경차 1,000원 주차료",
        "주최/주관기관": "충청북도 청남대관리사업소",
        "문의": "충청북도 청남대관리사업소 관리자 043, 257-5080"
    },
    {
        "title": "공주석장리구석기축제",
        "개최지역": "충청남도 공주시",
        "개최기간": "2023. 5. 5. ~ 7.",
        "축제성격": "전통역사 ",
        "관련 누리집": "http://www.gspf.kr",
        "축제장소": "석장리박물관 일원",
        "주최/주관기관": "공주시",
        "문의": "공주석장리구석기축제조직위원회 관리자 041-840-8069"
    },
    {
        "title": "연천거리문화축제 ‘그땐 그랬소’",
        "개최지역": "경기도 연천군",
        "개최기간": "2023. 5. 5. ~ 7.",
        "축제성격": "기타 ",
        "관련 누리집": "https://www.yeoncheon.go.kr/tour/contents.do?key=4952",
        "축제장소": "은전로 78번길 일대(로데오~재래시장)",
        "요금": "무료",
        "주최/주관기관": "연천군",
        "문의": "연천군관광협의회 관리자 010-6314-6464"
    },
    {
        "title": "부소산 봄 나들이 축제",
        "개최지역": "충청남도 부여군",
        "개최기간": "2023. 5. 5. ~ 7.",
        "축제성격": "생태자원 ",
        "관련 누리집": "https://www.buyeo.go.kr/_prog/festival/index.php?mode=V&mode2=&mng_no=40&site_dvs_cd=tour&menu_dvs_cd=0201",
        "축제장소": "부여군 관북리유적과 부소산성",
        "요금": "무료(단, 체험 프로그램 일부는 유료)",
        "주최/주관기관": "부여군",
        "문의": "부여문화원 관리자 041-830-2823"
    },
    {
        "title": "예천활축제",
        "개최지역": "경상북도 예천군",
        "개최기간": "2023. 5. 4. ~ 7. / 10:00 ~ 18:00",
        "축제성격": "전통역사 ",
        "관련 누리집": "http://www.ywaf.kr/",
        "축제장소": "한천체육공원",
        "요금": "유료(체험비 5,000원, 지역쿠폰 4,000원 지급)",
        "주최/주관기관": "예천군",
        "문의": "예천문화관광재단 관리자 054-650-6037"
    },
    {
        "title": "서울페스타",
        "개최지역": "서울시 송파구",
        "개최기간": "2023. 4. 30. ~ 5. 7.",
        "축제성격": "기타 ",
        "관련 누리집": "https://seoulfesta.com/",
        "축제장소": "광화문 광장 및 잠실종합운동장 등 서울 전역",
        "요금": "무료",
        "주최/주관기관": "서울특별시",
        "문의": "서울관광재단 관리자 010-2684-6492"
    },
    {
        "title": "대덕물빛축제",
        "개최지역": "대전시 대덕구",
        "개최기간": "2023. 4. 7. ~ 5. 7. / 11:00~23:00",
        "축제성격": "기타 ",
        "관련 누리집": "https://www.대덕물빛축제.com/",
        "요금": "무료",
        "주최/주관기관": "대전시 대덕구",
        "문의": "대덕구, 대덕문화원 관리자 042-608-6732"
    },
    {
        "title": "여수 거북선축제",
        "개최지역": "전라남도 여수시",
        "개최기간": "2023. 5. 4. ~ 7. / 17:00~22:00",
        "축제성격": "전통역사 ",
        "관련 누리집": "http://www.jinnamje.com",
        "축제장소": "여수세계박람회장 일원",
        "요금": "무료",
        "소요시간": "기간내자유",
        "연령제한": "전연령 가능함",
        "주최/주관기관": "여수시 / (사)여수진남거북선축제보존회",
        "문의": "여수거북선축제 관리자 061-664-5400"
    },
    {
        "title": "고창 청보리밭축제",
        "개최지역": "전라북도 고창군",
        "개최기간": "2023. 4. 15. ~ 5. 7. / 09:00 ~ 18:00",
        "축제성격": "생태자원 ",
        "관련 누리집": "https://www.gochang.go.kr/tour/index.gochang?menuCd=DOM_000000403005001000",
        "축제장소": "고창군 공음면 학원농장",
        "요금": "무료",
        "주최/주관기관": "고창군",
        "문의": "고창청보리밭축제위원회 관리자 063-560-2523"
    },
    {
        "title": "함평 나비대축제",
        "개최지역": "전라남도 함평군",
        "개최기간": "2023. 4. 28. ~ 5. 7.",
        "축제성격": "생태자원 ",
        "관련 누리집": "https://www.hampyeong.go.kr/butterfly/",
        "축제장소": "함평군엑스포공원 및 함평읍시가지 제2무대 일원",
        "오시는 길": "* 서해안 고속도로\n안산IC - 평택 - 당진 - 서천 - 군산 - 고창 - 함평IC\n\n* 경부 고속도로\n경부고속도로 - 천안논산고속도로 - 호남고속도로 - 호남고속도로요금소 - 동림IC에서 우측\n고속도로 출구 - 평동산단 방면 우측방향 - 무안 - 광주고속도로 - 동함평IC",
        "요금": "누리집 참조",
        "주최/주관기관": "함평군, 함평축제관광재단",
        "문의": "관리자 061-320-2238"
    },
    {
        "title": "양주 회암사지 왕실축제",
        "개최지역": "경기도 양주시",
        "개최기간": "2023. 5. 5. ~ 7. / 10:00 ~21:00",
        "축제성격": "전통역사 ",
        "관련 누리집": "https://yangju-hoeamsaji.kr/",
        "축제장소": "양주 회암사지 일원",
        "요금": "무료",
        "소요시간": "4시간내외",
        "연령제한": "전연령",
        "주최/주관기관": "양주시",
        "문의": "양주시립 회암사지박물관 관리자 02-782-2721"
    },
    {
        "title": "궁중문화축전",
        "개최지역": "서울시 종로구",
        "개최기간": "2023. 4. 29. ~ 5. 7. / 09:00 ~ 21:30",
        "축제성격": "전통역사 ",
        "관련 누리집": "https://www.chf.or.kr/fest",
        "축제장소": "경복궁, 창덕궁, 창경궁, 덕수궁, 경희궁, 종묘, 사직단",
        "요금": "프로그램별 상이",
        "소요시간": "프로그램별 상이",
        "연령제한": "전 연령",
        "주최/주관기관": "문화재청 궁능유적본부",
        "문의": "한국문화재재단 관리자 02-3210-4683"
    },
    {
        "title": "문경찻사발축제",
        "개최지역": "경상북도 문경시",
        "개최기간": "2023. 4. 29. ~ 5. 7. / 09:00~18:00",
        "축제성격": "문화예술 ",
        "관련 누리집": "https://www.sabal21.com/",
        "축제장소": "문경새재오픈세트장 일원",
        "요금": "무료",
        "소요시간": "기간내 자유",
        "연령제한": "전연령 가능함",
        "주최/주관기관": "문경시",
        "문의": "문경문화관광재단 관리자 054-571-7677"
    },
    {
        "title": "울산옹기축제",
        "개최지역": "울산시 울주군",
        "개최기간": "2023. 5. 5. ~ 7.",
        "축제성격": "지역특산물 ",
        "관련 누리집": "https://www.onggi.or.kr/",
        "축제장소": "울산광역시 울주군 온양읍 외고산 옹기마을 일대",
        "요금": "무료(일부 체험 프로그램유료)",
        "소요시간": "기간내 자유",
        "연령제한": "전연령 가능함",
        "주최/주관기관": "울주문화재단",
        "문의": "관리자 052-980-2233~2235"
    },
    {
        "title": "연천 구석기축제",
        "개최지역": "경기도 연천군",
        "개최기간": "2023. 5. 4. ~ 7.",
        "축제성격": "전통역사 ",
        "관련 누리집": "https://www.yeoncheon.go.kr/festival/contents.do?key=4049",
        "축제장소": "연천 전곡리 유적 및 일원",
        "요금": "유료 / 1인당 5000원 지불 시 연천 사랑상품권 5000원 제공 *36개월 미만 무료 (가족관계증명서 확인 시) *연천 군민 무료 *어린이날은 18세 이하 무료",
        "소요시간": "기간내 자유",
        "연령제한": "전연령 가능함",
        "주최/주관기관": "연천군 / 연천 구석기 축제 추진위원회",
        "문의": "연천구석기축제추진위원회 관리자 070-8806-5511"
    },
    {
        "title": "대구약령시한방문화축제",
        "개최지역": "대구시 중구",
        "개최기간": "2023. 5. 5. ~ 7.",
        "축제성격": "문화예술 ",
        "관련 누리집": "http://www.herbfestival.org/kor/",
        "축제장소": "대구광역시 중구 약령시 일원",
        "오시는 길": "*지하철\n반월당역 16번(약령시방향), 18번(현대백화점) 출구 또는 1호선 중앙로역 1번(약령시방향)에서 도보 5분 거리\n\n*버스\n구)제일극장앞 : 349, 401,650, 518, 704, 106, 202-1, 410, 503, 730, 706, 303, 급행2\n국민은행대구지점앞 : 349, 401,650, 518, 704, 106, 202, 410-1, 909, 503, 730, 706, 303-1, 동구1-1, 급행2\n현대백화점, 동아쇼핑앞 : 305, 405, 840, 414, 909, 609, 북구2\n현대백화점, 동아쇼핑 : 305, 405, 840, 414-1, 609",
        "요금": "누리집 참고",
        "소요시간": "기간내자유",
        "연령제한": "전연령 가능함",
        "주최/주관기관": "대구광역시, 대구광역시 중구",
        "문의": "(사)약령시보존위원회 관리자 053-253-4729"
    },
    {
        "title": "보성다향대축제",
        "개최지역": "전라남도 보성군",
        "개최기간": "2023. 4. 29. ~ 5. 7.",
        "축제성격": "지역특산물 ",
        "관련 누리집": "http://www.boseong.go.kr/tour/festivity/tea_aroma",
        "축제장소": "한국차문화공원 일원",
        "소요시간": "시간내 자유",
        "연령제한": "전연령 가능함",
        "주최/주관기관": "보성다향대축제추진위원회",
        "문의": "보성다향제녹차대축제추진회 관리자 061-850-5211~4"
    },
    {
        "title": "태안 세계튤립꽃박람회",
        "개최지역": "충청남도 태안군",
        "개최기간": "2023. 4. 12. ~ 5. 7. / 9:00 ~ 18:00",
        "축제성격": "생태자원 ",
        "관련 누리집": "http://www.koreaflowerpark.com",
        "축제장소": "코리아플라워파크",
        "요금": "성인 : 14,000원 / 경로 및 단체: 12,000원 / 유아 및 청소년 : 11,000원",
        "소요시간": "1시간 ~ 1시간 30분",
        "연령제한": "전연령 가능",
        "주최/주관기관": "㈜네이처농업회사법인",
        "문의": "관리자 041-675-5533"
    },
    {
        "title": "파주출판도시 어린이책잔치",
        "개최지역": "경기도 파주시",
        "개최기간": "2023. 5. 5. ~ 7. / 10:00~18:00",
        "축제성격": "문화예술 ",
        "축제참가인원(명)": "https://pajubfc.org/",
        "소요예산(천원)": "파주출판도시 아시아출판문화정보센터 외",
        "관련 누리집": "무료 (일부 오픈하우스 프로그램 유료)",
        "축제장소": "출판도시문화재단",
        "요금": "문화관광과 이승철 031-955-0055"
    },
    {
        "title": "조선통신사 축제",
        "개최지역": "부산시 중구",
        "개최기간": "2023. 5. 5. ~ 7. / 10:00~18:00",
        "축제성격": "전통역사 ",
        "축제참가인원(명)": "http://www.tongsinsa.com",
        "소요예산(천원)": "용두산공원, 광복로일원, 조선통신사 역사관 등",
        "관련 누리집": "무료",
        "축제장소": "부산시",
        "요금": "국제문화교류팀 김현승 051-631-0858"
    },
    {
        "title": "함평나비대축제",
        "개최지역": "전라남도 함평군",
        "개최기간": "2023. 4. 28. ~ 5. 7. / 9:00 ~ 18:00",
        "축제성격": "생태자원 ",
        "관련 누리집": "https://www.hpftf.or.kr/",
        "축제장소": "함평엑스포공원",
        "오시는 길": "* 서해안 고속도로\n안산 IC - 평택 - 당진 - 서천 - 군산 - 고창 - 함평 IC\n\n* 경부 고속도로\n경부고속도로 - 천안논산고속도로 - 호남고속도로 - 호남고속도로 요금소 - 동림 IC에서 우측\n고속도로 출구 - 평동산단 방면 우측 방향 - 무안 - 광주 고속도로 - 동함평IC",
        "요금": "유료(누리집 참조)",
        "주최/주관기관": "함평군",
        "문의": "문화관광과 관광진흥담당 최대헌 061-320-2238"
    },
    {
        "title": "양구곰취축제",
        "개최지역": "강원도 양구군",
        "개최기간": "2023. 5. 5. ~ 7.",
        "축제성격": "지역특산물 ",
        "관련 누리집": "https://www.instagram.com/yangguculture/?hl=ko",
        "축제장소": "서천레포츠공원일원",
        "요금": "무료",
        "주최/주관기관": "양구문화재단",
        "문의": "033-482-9175"
    },
    {
        "title": "대구앞산축제",
        "개최지역": "대구시 남구",
        "개최기간": "2023. 5. 5. ~ 5. 6. /12:00~21:00",
        "축제성격": "전통역사 ",
        "관련 누리집": "http://apsanfestival.kr/",
        "축제장소": "남구 구민체육광장 일원",
        "요금": "무료",
        "주최/주관기관": "대구광역시 남구",
        "문의": "관리자 053-664-3262"
    },
    {
        "title": "의왕철도축제",
        "개최지역": "경기도 의왕시",
        "개최기간": "2023. 5. 5. ~ 6. / 09:00~21:00",
        "축제성격": "기타 ",
        "관련 누리집": "https://www.uwfest.com",
        "축제장소": "왕송호수공원 일원",
        "주최/주관기관": "의왕시",
        "문의": "의왕시축제추진위원회 관리자 031-345-2548"
    },
    {
        "title": "홍성 역사인물축제",
        "개최지역": "충청남도 홍성군",
        "개최기간": "2023. 5. 5. ~ 6. / 10:00~18:00",
        "축제성격": "전통역사 ",
        "관련 누리집": "https://hongju.or.kr/",
        "축제장소": "홍성군 홍주읍성",
        "요금": "유/무료 프로그램 존재",
        "주최/주관기관": "홍성군",
        "문의": "(재)홍주문화관광재단 관리자 041-634-8706"
    },
    {
        "title": "부안마실축제",
        "개최지역": "전라북도 부안군",
        "개최기간": "2023. 5. 4. ~ 6. / 10시~23시",
        "축제성격": "문화예술 ",
        "관련 누리집": "http://www.buanmasil.com/main",
        "축제장소": "부안 매창공원",
        "요금": "프로그램별 상이",
        "소요시간": "프로그램별 상이",
        "연령제한": "프로그램별 상이",
        "주최/주관기관": "부안군대표축제추진위원회",
        "문의": "부안마실축제추진위원회 관리자 063-580-4777"
    },
    {
        "title": "통영 문화재 야행",
        "개최지역": "경상남도 통영시",
        "개최기간": "2023. 5. 5. ~ 6. / 18:00~23:00",
        "축제성격": "문화예술 ",
        "관련 누리집": "https://www.ty-night.com",
        "축제장소": "통영 삼도수군통제영, 통제영 거리 일원",
        "요금": "무료",
        "소요시간": "3시간",
        "주최/주관기관": "문화재청",
        "문의": "통영시 / (재)통영한산대첩문화재단 관리자 055-644-5222"
    },
    {
        "title": "동심을 상상해봄",
        "개최지역": "경기도 수원시",
        "개최기간": "2023. 5. 5. / 10:00 ~ 18:00",
        "축제성격": "기타 ",
        "관련 누리집": "https://sscampus.kr/programs?count=9&program_popup=64422e79dd503b108b95a05c",
        "축제장소": "경기상상캠퍼스",
        "요금": "무료(일부 프로그램 유료)",
        "주최/주관기관": "경기도, 경기문화재단",
        "문의": "경기문화재단, 경기상상캠퍼스 관리자 031-296-1987"
    },
    {
        "title": "생물사랑 어린이 대축제",
        "개최지역": "인천시 서구",
        "개최기간": "09:30~17:30",
        "축제성격": "생태자원 ",
        "관련 누리집": "https://www.nibr.go.kr/cmn/board/SYSTEM_DEFAULT000001/64557bbsDetail.do",
        "축제장소": "국립생물자원관 생생채움 앞 야외공간",
        "요금": "무료",
        "주최/주관기관": "국립생물자원관",
        "문의": "국립생물자원관 관리자 032-590-7000"
    },
    {
        "title": "태백 천상의 산나물 축제",
        "개최지역": "강원도 태백시",
        "개최기간": "2023. 4. 29. ~ 5. 1.",
        "축제성격": "기타 ",
        "관련 누리집": "https://www.taebaek.go.kr/www/selectBbsNttView.do?key=351&bbsNo=24&nttNo=136756&searchCtgry=&searchCnd=all&searchKrwd=&pageIndex=2&integrDeptCode=",
        "축제장소": "4.29.(토) 12:00~5.1.(월)16:00 10:00~21:30까지 운영(첫날, 마지막날 제외)",
        "요금": "무료",
        "주최/주관기관": "태백시",
        "문의": "태백 산나물축제 위원 관리자 033-550-2723"
    },
    {
        "title": "묘현례",
        "개최지역": "서울시 종로구",
        "개최기간": "2023. 4. 28. ~ 5. 1. / 11:00~17:00 / 공연 : (1부) 13:00, (2부) 16:00",
        "축제성격": "전통역사 ",
        "관련 누리집": "https://www.chf.or.kr",
        "축제장소": "종묘",
        "요금": "무료(종묘 입장료 1,000원 별도)",
        "주최/주관기관": "문화재청 궁능유적본부",
        "문의": "한국문화재재단 관리자 한국문화재재단 콜센터 1522-2295 / 담당 02-3210-4803"
    },
    {
        "title": "제주고산리유적 선사축제",
        "개최지역": "제주도 제주시",
        "개최기간": "2023. 4. 30. / 09:00-19:00",
        "축제성격": "전통역사 ",
        "관련 누리집": "http://gosanriyujeok.co.kr/",
        "축제장소": "제주고산리유적안내센터",
        "요금": "무료(부분 유료)",
        "주최/주관기관": "제주특별자치도 세계유산본부",
        "문의": "재단법인 제주고고학연구소 관리자 064-772-0041"
    },
    {
        "title": "한라산 청정 고사리축제",
        "개최지역": "제주도 서귀포시",
        "개최기간": "2023. 4. 29. ~ 30. / 09:30~17:00",
        "축제성격": "지역특산물 ",
        "관련 누리집": "http://www.jejugosari.net",
        "축제장소": "한라산 청정 고사리축제장",
        "요금": "무료",
        "주최/주관기관": "제주특별자치도 서귀포시 남원읍",
        "문의": "남원읍축제위원회 관리자 064-760-4181"
    },
    {
        "title": "군포 철쭉축제",
        "개최지역": "경기도",
        "개최기간": "2023. 4. 28. ~ 30. / 10:00 ~ 20:00",
        "축제성격": "생태자원 ",
        "관련 누리집": "http://gunpofestival.org/",
        "축제장소": "철쭉동산, 철쭉공원, 초막골생태공원, 산본로데오 거리 등 군포시 일원",
        "요금": "무료",
        "주최/주관기관": "군포문화재단",
        "문의": "군포시 관리자 031-390-3558"
    },
    {
        "title": "천리포수목원 목련축제",
        "개최지역": "충청남도 태안군",
        "개최기간": "2023. 4. 5. ~ 30. / 09:00~18:00",
        "축제성격": "생태자원 ",
        "관련 누리집": "http://www.chollipo.org/",
        "축제장소": "천리포수목원",
        "요금": "유료 1. 입장료 : 12,000(성인 전일권, 네이버예약시 11,000), 7,000(청소년), 5,000(어린이, 36개월이상), 8,000(경로, 기초생활수급자 등)\n2. 프로그램 : 천리포수목원 비밀의 정원 트레킹 30,000, 가드너와 함께 걷는 비밀의 정원 35,000",
        "주최/주관기관": "천리포수목원",
        "문의": "천리포수목원 관리자 041-672-9982"
    },
    {
        "title": "이데일리와 함께하는 캠핑요리축제",
        "개최지역": "경기도 가평군",
        "개최기간": "2023. 4. 29. ~ 30.",
        "축제성격": "기타 ",
        "관련 누리집": "http://campingcook.edaily.co.kr/",
        "축제장소": "가평 자라섬 오토 캠핑장",
        "요금": "유료 / 50,000원(할인정보 없음)",
        "소요시간": "4월 29일(토) 12:00~21:00 / 4월 30일(일)07:00~12:00",
        "연령제한": "전체 연령",
        "부대행사": "4월 29일(토) 12:00~21:00\n4월 30일(일) 09:00~12:00",
        "주최/주관기관": "이데일리",
        "문의": "이데일리 관리자 02-2659-1252"
    },
    {
        "title": "아산 성웅이순신축제",
        "개최지역": "충청남도 아산시",
        "개최기간": "2023. 4. 28. ~ 30. / 08:00~21:00",
        "축제성격": "전통역사 ",
        "관련 누리집": "https://culture.asan.go.kr/_esunshin/",
        "축제장소": "이순신종합운동장",
        "오시는 길": "* 버스\n- 강남고속버스터미널 06:05~21:05까지 운행(1시간 30분 소요)\n- 동서울터미널 06:00~21:50까지 운행(2시간 소요)\n- 남부터미널 07:20~17:40까지 운행(1시간 30분 소요)\n\n* 기차\n- 고속철도 : 서울역 → 천안아산역(약 36분 소요), 용산역 → 천안아산역(약 35분 소요)\n- 일반열차 : 용산역(장항선) → 온양온천 역(05:40~20:20, 1시간 30분 소요)",
        "요금": "무료",
        "주최/주관기관": "아산시",
        "문의": "(재)아산문화재단 관리자 041-540-2428"
    },
    {
        "title": "대한민국과학축제",
        "개최지역": "대전시 서구",
        "개최기간": "2023. 4. 27. ~ 30.",
        "축제성격": "기타 ",
        "관련 누리집": "https://sciencefestival.kr/",
        "축제장소": "대전 엑스포시민광장 및 엑스포과학공원 일원",
        "요금": "무료",
        "소요시간": "3시간 이상",
        "연령제한": "연령 무관",
        "주최/주관기관": "과학기술정보통신부, 대전광역시",
        "문의": "한국과학창의재단, 대전관광공사, 과학문화민간협의회 관리자 042-333-4723"
    },
    {
        "title": "서울릴랙스위크",
        "개최지역": "서울시 종로구",
        "개최기간": "2023. 3. 1. ~ 4. 30.",
        "축제성격": "기타 ",
        "관련 누리집": "https://www.relaxweek.kr/",
        "축제장소": "서울무역전시컨벤션센터(SETEC) 컨벤션홀",
        "요금": "담마토크 : 무료 / 수행주간 및 기획 프로그램 부분 유료",
        "주최/주관기관": "대한불교조계종",
        "문의": "불교신문 / ㈜불광미디어 관리자 02-2231-2011"
    },
    {
        "title": "남이섬 벗(友)꽃놀자",
        "개최지역": "강원도 춘천시",
        "개최기간": "2023. 4. 8. ~ 30.",
        "축제성격": "생태자원 ",
        "관련 누리집": "http://www.namisum.com",
        "축제장소": "남이섬",
        "요금": "무료\n*남이섬 입장권 미포함",
        "주최/주관기관": "남이섬",
        "문의": "남이섬 관리자 031-580-8114"
    },
    {
        "title": "N서울타워 벚꽃 페스티벌 ‘Blossom TOWER’",
        "개최지역": "서울시 용산구",
        "개최기간": "2023. 4. 1. ~ 30. / 10:30 ~ 22:00",
        "축제성격": " ",
        "관련 누리집": "https://korean.visitkorea.or.kr/detail/fes_detail.do?cotid=aee42de4-b36f-4cc5-a2f9-ec8635c1548d",
        "축제장소": "N서울타워",
        "요금": "대인 16,000원, 소인 12,000원 (경로 및 장애인 30% 할인)",
        "연령제한": "전 연령",
        "주최/주관기관": "N서울타워",
        "문의": "관리자 02-3455-9277"
    },
    {
        "title": "한라산 청정 고사리 축제",
        "개최지역": "제주도 서귀포시",
        "개최기간": "2023. 4. 29. ~ 30.",
        "축제성격": "지역특산물 ",
        "관련 누리집": "http://www.jejugosari.net",
        "축제장소": "비대면 개최",
        "소요시간": "시간내 자유",
        "연령제한": "전연령 가능함",
        "주최/주관기관": "남원읍",
        "문의": "남원읍 축제위원회 관리자 064-760-4181~2"
    },
    {
        "title": "윤봉길 평화축제",
        "개최지역": "충청남도 예산군",
        "개최기간": "2023. 4. 29. ~ 30.",
        "축제성격": "전통역사 ",
        "관련 누리집": "http://ybgfestival.net/25",
        "축제장소": "저한당, 도중도, 광현당",
        "요금": "무료",
        "소요시간": "기간내자유",
        "연령제한": "전연령 가능함",
        "주최/주관기관": "(사)매헌윤봉길월진회",
        "문의": "(사)매헌윤봉길 월진회 관리자 041-338-9514"
    },
    {
        "title": "홍천산나물축제",
        "개최지역": "강원도 홍천군",
        "개최기간": "2023. 4. 28. ~ 30. / 09:00 ~ 20:00 / 일요일 09:00 ~ 18:00",
        "축제성격": "지역특산물 ",
        "관련 누리집": "http://xn--980b23ozpap8oqlkmxg6wbs5zo0d.kr/",
        "축제장소": "도시산림공원 토리숲",
        "요금": "무료",
        "주최/주관기관": "홍천군",
        "문의": "홍천군, (재)홍천문화재단, 홍천산채연구회 관리자 033-439-5853"
    },
    {
        "title": "양평 용문산 산나물축제",
        "개최지역": "경기도 양평군",
        "개최기간": "2023. 4. 28. ~ 30. / 10:00~17:00",
        "축제성격": "생태자원 ",
        "관련 누리집": "https://www.ypsannamul.kr/",
        "축제장소": "용문산관광지",
        "요금": "무료",
        "소요시간": "자유",
        "연령제한": "전연령 가능함",
        "주최/주관기관": "양평군",
        "문의": "양평군축제추진위원회 관리자 031-770-1073"
    },
    {
        "title": "김제 모악산축제",
        "개최지역": "전라북도 김제시",
        "개최기간": "2023. 4. 28. ~ 30.",
        "축제성격": "문화예술 ",
        "관련 누리집": "https://www.gimje.go.kr/tour/index.gimje?menuCd=DOM_000000404003000000",
        "축제장소": "모악산(금산사)주차장",
        "요금": "무료",
        "소요시간": "기간내 자유",
        "연령제한": "전연령 가능함",
        "주최/주관기관": "김제시",
        "문의": "김제시 관리자 063-540-3188"
    },
    {
        "title": "단종문화제",
        "개최지역": "강원도 영월군",
        "개최기간": "2023. 4. 28. ~ 30. / 09:00~21:00",
        "축제성격": "전통역사 ",
        "관련 누리집": "http://danjong.co.kr/danjong",
        "축제장소": "세계유산 장릉, 동강둔치, 문화예술회관 등",
        "요금": "무료",
        "주최/주관기관": "영월군",
        "문의": "문화관광과 정대권 033-375-6353"
    },
    {
        "title": "서울미디어테크축제 : 을지로판타지아 열섬",
        "개최지역": "서울시 중구",
        "개최기간": "2023. 4. 29. / 18:00~23: 00",
        "축제성격": "기타 ",
        "관련 누리집": "http://euljifantasia.com",
        "요금": "무료",
        "주최/주관기관": "에이플래닛",
        "문의": "에이플래닛 관리자 qkreodud1234@naver.com"
    },
    {
        "title": "복수동 오복마을 축제",
        "개최지역": "대전시 서구",
        "개최기간": "2023. 4. 29. / 10:00~17:00",
        "축제성격": "기타 ",
        "관련 누리집": "https://www.seogu.go.kr/prog/fstvl/tour/sub04_04/15/view.do",
        "축제장소": "복수교 하상 유등천변",
        "요금": "무료",
        "주최/주관기관": "복수동 마을축제추진위원회",
        "문의": "복수동 마을축제추진위원회 관리자 042-586-1177"
    },
    {
        "title": "부산 댄스 페스티벌",
        "개최지역": "부산시 부산진구",
        "개최기간": "2023. 4. 1. ~ 29.",
        "축제성격": "문화예술 ",
        "관련 누리집": "http://dance.busan.com/",
        "축제장소": "배틀 : 서면 차없는 거리 / 챔피언십 : [본선] 서면 삼정타워 / [결선]서면 놀이마루",
        "요금": "무료",
        "부대행사": "[배틀] 4.1, 2, 8, 9 17:00~21:00\n[챔피언십 본선] 4.15 17:00~21:00\n[챔피언십 결선] 17:00~20:00",
        "주최/주관기관": "부산광역시",
        "문의": "부산광역시 관리자 051-711-3722"
    },
    {
        "title": "호미곶 돌문어 수산물 축제",
        "개최지역": "경상북도 포항시",
        "개최기간": "2023. 4. 22. ~ 23. / 11:00~22:00",
        "축제성격": "생태자원 ",
        "관련 누리집": "http://homigot.invil.org",
        "축제장소": "호미곶해맞이광장",
        "요금": "무료",
        "주최/주관기관": "호미곶돌문어축제추진위원회",
        "문의": "경상매일신문, 호미곶면선주협의회 관리자 054-270-2853"
    },
    {
        "title": "사천시 삼천포항 수산물축제",
        "개최지역": "경상남도",
        "개최기간": "2023. 4. 21. ~ 23. / 10:00 ~ 22:00",
        "축제성격": "지역특산물 ",
        "관련 누리집": "https://4000sff.modoo.at/",
        "축제장소": "삼천포 대교공원 일",
        "요금": "무료",
        "주최/주관기관": "사천시 삼천포항 수산물축제 추진위원회",
        "문의": "사천시 삼천포항 수산물축제 추진위원회 관리자 055-833-2747"
    },
    {
        "title": "고흥우주항공축제",
        "개최지역": "전라남도 고흥군",
        "개최기간": "2023. 4. 21. ~ 23.",
        "축제성격": "기타 ",
        "관련 누리집": "https://litt.ly/goheung",
        "축제장소": "나로우주센터 우주과학관 잔디 광장 일원",
        "요금": "무료",
        "연령제한": "전연령 가능함",
        "주최/주관기관": "고흥군청",
        "문의": "고흥축제추진위원회 관리자 061-830-5224"
    },
    {
        "title": "장흥 하늘빛수목원 튤립축제",
        "개최지역": "전라남도 장흥군",
        "개최기간": "2023. 4. 1. ~ 23. / 오전 9시 - 오후 6시",
        "축제성격": "생태자원 ",
        "관련 누리집": "http://www.xn--wh1b06mc5cnzev8guny.com/",
        "축제장소": "㈜하늘빛수목정원",
        "요금": "성인/5,000 청소년/4,000 유아/3,000 경로,복지/4,000",
        "주최/주관기관": "㈜하늘빛수목정원",
        "문의": "㈜ 하늘빛수목원 관리자 061-862-2000"
    },
    {
        "title": "이월드 튤립트래블",
        "개최지역": "대구시 달서구",
        "개최기간": "2023. 4. 1. ~ 23.",
        "축제성격": "생태자원 ",
        "관련 누리집": "http://www.eworld.kr",
        "축제장소": "이월드",
        "오시는 길": "동대구역(KTX), 대구역(새마을호, 무궁화호)에서 지하철 이용\n\n지하철 2호선 두류역 15번 출구 도보로 약 5분 소요\n\n버스 순환3-1, 503, 600 623, 653, 달서4-1번 버스 이용",
        "요금": "이월드 누리집 참고",
        "주최/주관기관": "이월드",
        "문의": "관리자 053-620-0001"
    },
    {
        "title": "단종비 정순왕후 문화제",
        "개최지역": "서울시 종로구",
        "개최기간": "2023. 4. 22. / 13:00~16:00",
        "축제성격": "전통역사 ",
        "관련 누리집": "https://korean.visitkorea.or.kr/detail/fes_detail.do?cotid=69d02a1f-7354-4d1c-8d53-5cb5795bcbe9",
        "축제장소": "숭인근린공원 동망봉",
        "요금": "무료",
        "소요시간": "기간내자유",
        "연령제한": "전연령가능",
        "주최/주관기관": "서울특별시 종로구",
        "문의": "관리자 02-2148-1865"
    },
    {
        "title": "동춘당 문화제 <늘, 봄>",
        "개최지역": "대전시 대덕구",
        "개최기간": "2023. 4. 22. / 10:00~20:30",
        "축제성격": "기타 ",
        "관련 누리집": "http://www.ddcc.or.kr/bbs/board.php?bo_table=0501&wr_id=163",
        "축제장소": "동춘당 역사공원",
        "요금": "무료, 일부 체험·먹거리 부스 이용시 유료",
        "주최/주관기관": "대덕구",
        "문의": "대덕문화원·회덕향교 관리자 042-627-7517"
    },
    {
        "title": "진도신비의바닷길축제",
        "개최지역": "전라남도 진도군",
        "개최기간": "2023. 4. 20. ~ 22. / 10:00 ~ 21:00",
        "축제성격": "생태자원 ",
        "관련 누리집": "https://www.jindo.go.kr/tour/sub.cs?m=99",
        "축제장소": "전남 진도군 고군면 회동리 일원",
        "요금": "5,000원",
        "주최/주관기관": "진도군",
        "문의": "진도군축제추진위원회 관리자 061-540-3408"
    },
    {
        "title": "4·19혁명국민문화제 2023",
        "개최지역": "서울시 강북구",
        "개최기간": "2023. 4. 8. ~ 19. / 13:00 ~ 22:30",
        "축제성격": "전통역사 ",
        "관련 누리집": "https://festival419.org/",
        "축제장소": "강북구청 사거리 메인 무대",
        "요금": "무료",
        "주최/주관기관": "강북구,4·19민주혁명회, 4·19혁명희생자유족회, 4·19혁명공로자회",
        "문의": "4·19혁명국민문화제위원회 관리자 02-901-6205"
    },
    {
        "title": "안성 FCI 국제 도그쇼",
        "개최지역": "경기도 안성시",
        "개최기간": "2023. 4. 15. ~ 16. / 09:00~18:00",
        "축제성격": "기타 ",
        "관련 누리집": "http://www.thekkf.or.kr",
        "축제장소": "풍산개 테마공원",
        "요금": "무료",
        "연령제한": "전연령",
        "주최/주관기관": "한국애견연맹",
        "문의": "관리자 02-2278-0661~2"
    },
    {
        "title": "청도 소싸움축제",
        "개최지역": "경상북도 청도군",
        "개최기간": "2023. 4. 14. ~ 16. / 11:00 ~ 18:00",
        "축제성격": "전통역사 ",
        "관련 누리집": "http://www.xn--hq1bj5xh5aw0hv6i.kr/main.htm",
        "축제장소": "청도소싸움경기장",
        "요금": "무료입장",
        "연령제한": "전연령",
        "주최/주관기관": "청도군",
        "문의": "청도소싸움축제추진위원회 관리자 054-370-6376"
    },
    {
        "title": "창녕 낙동강 유채축제",
        "개최지역": "경상남도 창녕군",
        "개최기간": "2023. 4. 13. ~ 16. / 09:00~22:00",
        "축제성격": "생태자원 ",
        "관련 누리집": "https://youtu.be/3aE2UYLzky0",
        "축제장소": "남지유채단지 및 남지체육공원 일원",
        "요금": "무료",
        "연령제한": "전연령",
        "주최/주관기관": "창녕군",
        "문의": "(사)창녕낙동강유채축제위원회 관리자 055-530-1523"
    },
    {
        "title": "2023 비단고을 산꽃축제",
        "개최지역": "충청남도 금산군",
        "개최기간": "2023. 4. 15. ~ 16. / 10시~16시",
        "축제성격": "생태자원 ",
        "관련 누리집": "http://www.insamfestival.co.kr/html/kr/sub3/sub3_0301.html",
        "축제장소": "산꽃벚꽃마을 오토캠핑장 일대",
        "요금": "무료",
        "주최/주관기관": "금산군",
        "문의": "재단법인 금산축제관광재단 관리자 041-750-2307"
    },
    {
        "title": "가평 에덴벚꽃길 벚꽃축제",
        "개최지역": "경기도 가평군",
        "개최기간": "2023. 4. 8. ~ 16. / 09:00~20:00 (매주 토,일)",
        "축제성격": "문화예술 ",
        "관련 누리집": "http://olivestar.kr/festival",
        "축제장소": "경기도 가평군 청평면 에덴벚꽃길 일원",
        "요금": "입장료 무료",
        "소요시간": "약 4시간 (16:00~20:00)",
        "연령제한": "전 연령",
        "주최/주관기관": "㈜올리브스타",
        "문의": "㈜올리브스타 관리자 031-585-0025"
    },
    {
        "title": "마노르블랑 봄꽃축제",
        "개최지역": "제주도 서귀포시",
        "개최기간": "2023. 3. 5. ~ 4. 16. / 9:00~19:00",
        "축제성격": "생태자원 ",
        "관련 누리집": "https://www.instagram.com/jejumanorblanc/",
        "축제장소": "마노르블랑",
        "요금": "유료(초등학생부터 1인 1음료 주문)",
        "소요시간": "30분~2시간",
        "연령제한": "전 연령",
        "주최/주관기관": "마노르블랑",
        "문의": "마노르블랑 관리자 064-794-0999"
    },
    {
        "title": "제주 튤립축제 in 한림공원",
        "개최지역": "제주도 제주시",
        "개최기간": "2022. 4. 1. ~ 16.",
        "축제성격": "생태자원 ",
        "관련 누리집": "https://www.hallimpark.com",
        "축제장소": "한림공원 플라워가든",
        "요금": "개인 일반 15,000원 / 개인 경로 12,000원 / 개인 청소년 10,000원 / 개인 어린이 9,000원 / 단체 일반 12,000원 / 단체 경로 11,000원 / 단체 청소년 8,000원 / 단체 어린이 7,000원",
        "부대행사": "1. 퍼스널컬러 진단\n2. 인생샷 촬영용 토퍼 대여\n3. 튤립 꽃다발 판매\n4. 튤립 인스타그램 인증샷 이벤트",
        "주최/주관기관": "한림공원",
        "문의": "관리자 064-796-0001"
    },
    {
        "title": "휴애리 유채꽃 축제",
        "개최지역": "제주도 서귀포시",
        "개최기간": "2023. 1. 1. ~ 4. 15. / 09:00 - 18:00 (16:30까지 입장가능)",
        "축제성격": "생태자원 ",
        "관련 누리집": "https://www.hueree.com/",
        "축제장소": "휴애리 공원 내",
        "요금": "성인:13,000원/단체:11,000원/도민,장애우,유공자,경로우대:6,500원 / 청소년:11,000원/단체:9,000원/도민, 장애우 :5,500원 / 어린이:10,000원/단체:8,0000원/도민, 장애우 :5,000원단체는 30인 이상[학생단체(수학여행)등 방문 시 별도 문의 요망] / 경로할인은 만 65세 이상(신분증 제출) / 만 24개월까지는 무료입장 / 세자녀 50%할인(자녀만 할인혜택, 고등학생까지) / 제주특별자치도민, 장애인, 군경은 반드시 신분증 및 증명서를 제시",
        "주최/주관기관": "휴애리자연생활공원",
        "문의": "관리자 064-732 - 2114"
    },
    {
        "title": "함양 백운산 벚꽃축제",
        "개최지역": "경상남도 함양군",
        "개최기간": "2023. 4. 8. ~ 9. / 09:30~17:00",
        "축제성격": "생태자원 ",
        "관련 누리집": "https://www.hygn.go.kr/tour.web",
        "축제장소": "함양군 백전면 다목적광장",
        "요금": "무료",
        "주최/주관기관": "백전면문화체육회",
        "문의": "백전면문화체육회 관리자 055-960-8910"
    },
    {
        "title": "이천체험문화축제",
        "개최지역": "경기도 이천시",
        "개최기간": "2023. 4. 8. ~ 9. / 09:00~18:00",
        "축제성격": "기타 ",
        "관련 누리집": "http://2000green.com/",
        "축제장소": "이천 설봉공원 (토야광장)",
        "요금": "무료(체험비는 각 부스마다 별도)",
        "소요시간": "09:00에서 18:00까지",
        "연령제한": "전연령가능",
        "주최/주관기관": "이천시",
        "문의": "(사)이천나드리 관리자 031-636-2723~4"
    },
    {
        "title": "여주흥천남한강 벚꽃축제",
        "개최지역": "경기도 여주시",
        "개최기간": "2023.04.07 ~ 2023.04.09 (3일간)",
        "축제성격": "생태자원 ",
        "관련 누리집": "http://www.여주흥천남한강벚꽃축제.com",
        "축제장소": "여주시 흥천면 귀백리 산7번지 일원",
        "요금": "무료",
        "연령제한": "전연령",
        "주최/주관기관": "여주시 흥천면",
        "문의": "여주흥천남한강벚꽃축제위원회 관리자 031-887-3875"
    },
    {
        "title": "유달산 봄축제",
        "개최지역": "전라남도 목포시",
        "개최기간": "2023. 4. 8.~9. / 10:00~18:00",
        "축제성격": "생태자원 ",
        "관련 누리집": "http://www.xn--bk1bl5qt2ck2idjbfys.kr/",
        "축제장소": "목포 유달산 및 원도심 일원",
        "요금": "일부 체험 및 음식(푸드트럭, 푸드존)부스 유료",
        "주최/주관기관": "목포시",
        "문의": "목포시축제추진위원회 관리자 061-270-8441, 8431~2"
    },
    {
        "title": "렛츠런파크 서울 야간벚꽃축제",
        "개최지역": "경기도 과천시",
        "개최기간": "2023. 4. 1. ~ 9. / 11:00-21:00",
        "축제성격": "생태자원 ",
        "관련 누리집": "https://www.kra.co.kr/informationNotice.do?artNo=230808",
        "축제장소": "렛츠런파크서울",
        "요금": "무료",
        "주최/주관기관": "한국마사회",
        "문의": "한국마사회 관리자 1566-3333"
    },
    {
        "title": "의정부 호원 벚꽃축제",
        "개최지역": "경기도 의정부시",
        "개최기간": "2023. 4. 8. ~ 9.",
        "축제성격": "생태자원 ",
        "관련 누리집": "https://www.ui4u.go.kr/main.do",
        "축제장소": "호원동 건영아파트 108동 앞",
        "요금": "무료",
        "주최/주관기관": "의정부 호원 벚꽃축제 추진위원회",
        "문의": "호원1동 단체장 협의회 관리자 031-870-7350"
    },
    {
        "title": "익산문화재 야행(夜行)",
        "개최지역": "전라북도 익산시",
        "개최기간": "2023. 4. 7. ~ 9. / 18:00~23:00",
        "축제성격": "전통역사 ",
        "관련 누리집": "http://www.iksan-night.kr",
        "축제장소": "백제왕궁(왕궁리 유적)일원",
        "요금": "무료",
        "주최/주관기관": "익산시청 문화유산과",
        "문의": "익산시청 관리자 1577-0072"
    },
    {
        "title": "제7회 여주흥천남한강 벚꽃축제",
        "개최지역": "경기도 여주시",
        "개최기간": "2023.04.07 ~ 2023.04.09 (3일간)",
        "축제성격": "생태자원 ",
        "관련 누리집": "http://www.여주흥천남한강벚꽃축제.com",
        "축제장소": "여주시 흥천면 귀백리 산7번지 일원",
        "요금": "무료",
        "연령제한": "전연령",
        "주최/주관기관": "여주시 흥천면",
        "문의": "남한강벚꽃축제위원회 관리자 031-887-3875"
    },
    {
        "title": "2023무창포 신비의 바닷길 주꾸미 * 도다리 대잔치",
        "개최지역": "충청남도",
        "개최기간": "2023. 3. 18. ~ 4. 9. / 10:00-22:00",
        "축제성격": "지역특산물 ",
        "관련 누리집": "http://muchangpo.org/",
        "축제장소": "무창포항 · 무창포해수욕장",
        "오시는 길": "[서해안고속도로 이용] - 무창포 IC - 무창포 해수욕장까지 1.5km (3분 소요)\n\n[서해안고속도로 대천 IC(36번 국도-대천해수욕장)] - 대천해수욕장 입구(607지방도) - 남포방조제 - 무창포해수욕장",
        "요금": "무료",
        "주최/주관기관": "무창포어촌계",
        "문의": "관리자 041-936-3510"
    },
    {
        "title": "이월드 블라썸 피크닉",
        "개최지역": "대구시 달서구",
        "개최기간": "2023. 3. 18. ~ 4. 9.",
        "축제성격": "생태자원 ",
        "관련 누리집": "https://www.eworld.kr/",
        "축제장소": "이월드",
        "요금": "이월드 누리집 참고",
        "주최/주관기관": "이월드",
        "문의": "관리자 053-620-0001"
    },
    {
        "title": "영등포 여의도봄꽃축제",
        "개최지역": "서울시",
        "개최기간": "2023. 4. 4. ~ 9. / 11:00~20:00",
        "축제성격": "생태자원 ",
        "관련 누리집": "https://www.ydpcf.or.kr",
        "축제장소": "여의서로 국회뒤편",
        "요금": "무료",
        "소요시간": "기간 내 자유",
        "연령제한": "전 연령 가능",
        "주최/주관기관": "영등포구",
        "문의": "관리자 02-2629-2200"
    },
    {
        "title": "석촌호수 벚꽃축제",
        "개최지역": "서울시 송파구",
        "개최기간": "2023. 4. 5. ~ 9.",
        "축제성격": "생태자원 ",
        "관련 누리집": "https://blog.naver.com/happysongpa/222285954919",
        "축제장소": "석촌호수 일원",
        "요금": "무료",
        "소요시간": "기간내 자유",
        "연령제한": "전연령 가능함",
        "주최/주관기관": "송파구청",
        "문의": "송파구 관리자 02-2147-2800"
    },
    {
        "title": "제주 한림공원 왕벚꽃축제",
        "개최지역": "제주도 제주시",
        "개최기간": "2023. 3. 24. ~ 4. 8.",
        "축제성격": "생태자원 ",
        "관련 누리집": "http://hallimpark.com/",
        "축제장소": "한림공원 플라워가든",
        "요금": "성인 : 15,000 / 경로(65세이상) 12,000 / 청소년(13세-18세) 10,000 / 어린이(3세-12세) / 단체 및 할인 대상은 전화로 문의",
        "소요시간": "1시간 30분~2시간",
        "연령제한": "전연령",
        "주최/주관기관": "한림공원",
        "문의": "한림공원 관리자 064-796-0001"
    },
    {
        "title": "강릉 경포벚꽃잔치",
        "개최지역": "강원도 강릉시",
        "개최기간": "2023. 3. 31. ~ 4. 5.",
        "축제성격": "생태자원 ",
        "관련 누리집": "https://www.gn.go.kr/tour/index.do",
        "축제장소": "경포호, 경포대·경포습지공원",
        "오시는 길": "강릉에서 7번 국도로 주문진, 양양, 속초방면으로 가다 오른쪽으로 경포대 안내표지\n(시청에서 약 3~4km, 10분 소요)",
        "요금": "무료",
        "소요시간": "기간내자유",
        "연령제한": "전연령가능",
        "주최/주관기관": "강릉시",
        "문의": "관리자 033-640-5130"
    }
]