[
    {
        "title": "2023 용골댄스페스타(Dragon Valley Dance Festa)"
    },
    {
        "title": "진해군항제",
        "개최지역": "경상남도 창원시",
        "개최기간": "2023. 3. 25. ~ 4. 3. (10일간) *개막식:3.24.(금)",
        "축제성격": "생태자원 ",
        "관련 누리집": "https://www.changwon.go.kr/depart/contents.do?mId=1101010000/",
        "축제장소": "창원시 진해구 중원로타리 일원",
        "오시는 길": "[자가용]\n네비게이션에 중원로타리 검색\n\n[열차]\n승차권 구입과 열차 시간표는 코레일 홈페이지(www.letskorail.com)\n코레일 애플리케이션(코레일톡)에서 확인할 수 있다.(문의 1544-7788)\n\n[시내버스]\n진해↔창원 : 150, 751, 752\n진해↔마산 : 160, 162, 760\n진해지선 : 301, 302, 303, 305, 306, 309, 315",
        "요금": "무료",
        "소요시간": "기간내 자유",
        "연령제한": "전연령 가능",
        "주최/주관기관": "창원시",
        "문의": "군항제축제위원회 관리자 055-546-4310"
    },
    {
        "title": "고령대가야축제",
        "개최지역": "경상북도 고령군",
        "개최기간": "2023. 3. 31. ~ 4. 2. / 18:00~22:00",
        "축제성격": "전통역사 ",
        "관련 누리집": "http://www.yahaeng.or.kr/",
        "축제장소": "대가야역사테마관광지 일원",
        "요금": "무료",
        "주최/주관기관": "고령군",
        "문의": "(사)고령군관광협의회 관리자 054-950-6424"
    },
    {
        "title": "남대천벚꽃축제",
        "개최지역": "경상북도 의성군",
        "개최기간": "2023. 4. 1. ~ 2. / 토: 10:30~21:00 / 일: 10:30~17:30",
        "축제성격": "생태자원 ",
        "관련 누리집": "https://www.usc.go.kr/board/detail.tc?mn=1275&mngNo=275&pageSeq=1314&boardNo=3054199",
        "축제장소": "남대천 구봉공원 일원",
        "요금": "무료",
        "주최/주관기관": "의성군",
        "문의": "의성군 관리자 054-830-6578"
    },
    {
        "title": "김제 꽃빛드리 축제",
        "개최지역": "전라북도 김제시",
        "개최기간": "2023. 3. 31. ~ 4. 2. / 00:00~24:00",
        "축제성격": "생태자원 ",
        "관련 누리집": "https://www.gimjefood.kr/?MID=11O1OO&mode=read&uid=342",
        "축제장소": "김제시민문화체육공원",
        "요금": "무료",
        "주최/주관기관": "김제시",
        "문의": "사회적협동조합 김제농촌활력센터 관리자 063-540-3324"
    },
    {
        "title": "사랑인가, 봄 고창 벚꽃축제",
        "개최지역": "전라북도 고창군",
        "개최기간": "2023. 3. 31. ~ 4. 2. / 10:00 ~ 20:00",
        "축제성격": "생태자원 ",
        "관련 누리집": "https://www.instagram.com/p/CqFeNxQjRuC/?utm_source=ig_web_copy_link",
        "축제장소": "고창군 고창읍 석정지구 일원",
        "요금": "무료",
        "주최/주관기관": "고창군",
        "문의": "관리자 063-560-2950"
    },
    {
        "title": "여수 영취산 진달래축제",
        "개최지역": "전라남도",
        "개최기간": "2023. 4. 1. ~ 2. / 10:00 ~ 16:30",
        "축제성격": "생태자원 ",
        "관련 누리집": "http://yeosujindalrae.co.kr/",
        "축제장소": "흥국사 산림공원 및 영취산 일원",
        "요금": "무료(음식 등은 유료)",
        "연령제한": "제한없음",
        "부대행사": "[항공이용]\n서울↔여수(매일9회운항)/여수↔제주(메일 1회운항)\nㆍ대한항공 (061)683-7502 ㆍ아시아나 (061)6812-2626 ㆍ여수공항 (061)683-7997\n\n[자가용이용]\n(서울↔여수444Km,여수↔부산257Km)\n\n서울 (인천,경기서부권) - 소요시간 : 약 5시간\n경부고속국도 → 천안 · 논산간 고속국도 → 호남고속국도 → 순천I.C → 여수행 17번국도 이용\n서울 (경기동부권) - 소요시간 : 약 5시간\n경부고속국도 → 대진고속국도(대전 · 통영간) → 진주 I.C → 남해고속국도 → 순천I.C→ 여수행 17번국도 이용\n\n부산 (경남권) - 소요시간 : 약3시간\n남해고속국도 → 순천I.C → 여수행 17번국도 이용\n\n대구 (경북권) - 소요시간 : 약4시간\n중부내륙고속국도 → 내서 I.C → 남해고속국도 → 순천I.C → 여수행 17번국도 이용\n\n춘천 (강원권) - 소요시간 : 약6시간\n영동고속국도 → 중앙고속국도 → 내서 I.C → 남해고속국도 → 순천I.C → 여수행 17번국도 이용\n\n서울, 부산방면\n남해고속도로 순천IC 이용(순천IC부터 행사장까지 40∼50분 소요)\n이정표 보시고 계속 직진후 여수공항 다음 무인속도측정카메라 지나서 2차로 이용\n여수산단진입로로 진입하여 삼거리에서 좌회전\n\n[고속버스이용]\n서울 → 여수 : 40분간격 운행 (5시간30분)\n부산 → 여수 : 40분간격 운행 (3시간)\n대구 → 여수 : 2시간간격 운행 (4시간)\n광주 → 여수 : 15분간격 운행 (직행 2시간 30분), 30분간격 운행 (2시간)\nㆍ여수시외버스터미널:061)623-1877\nㆍ여천시외버스터미널:061)682-4666\n\n[기차이용]\n서울↔여수(매일 14회은행)\n1588-7788 홈페이지 : http://korail.go.kr",
        "주최/주관기관": "여수시",
        "문의": "여수영취산진달래축제추진위원회 관리자 061-691-3104"
    },
    {
        "title": "테미봄축제 \"테미와 봄\"",
        "개최지역": "대전시 중구",
        "개최기간": "2023. 4. 1. ~ 2. / 11:00 ~ 18:00",
        "축제성격": "전통역사 ",
        "관련 누리집": "http://temiorae.com/",
        "축제장소": "테미오래",
        "요금": "무료(단, 푸드트럭과 체험 및 놀이존은 유료)",
        "주최/주관기관": "대전문화재단",
        "문의": "관리자 042-335-5704"
    },
    {
        "title": "양평산수유한우축제",
        "개최지역": "경기도 양평군",
        "개최기간": "2023. 4. 1. ~ 2. / 10:30 ~ 18:00",
        "축제성격": "지역특산물 ",
        "관련 누리집": "https://sansuyuhanwoo.modoo.at/",
        "축제장소": "개군레포츠공원, 내리~향리~주읍리 일대",
        "요금": "무료",
        "주최/주관기관": "양평산수유한우축제위원회",
        "문의": "관리자 031-770-3342"
    },
    {
        "title": "2023 서귀포유채꽃축제",
        "개최지역": "제주도 서귀포시",
        "개최기간": "2023. 3. 31. ~ 4. 2. / 11:00 ~ 17:00",
        "축제성격": "생태자원 ",
        "관련 누리집": "https://www.seogwipo.go.kr/festivals/uchae/index.htm",
        "축제장소": "서귀포시 표선면 가시리 유채꽃광장 일대",
        "요금": "무료",
        "소요시간": "7시간",
        "연령제한": "해당없음",
        "주최/주관기관": "서귀포",
        "문의": "서귀포유채꽃축제조직위원회 관리자 064-760-3942"
    },
    {
        "title": "영암왕인문화축제",
        "개최지역": "전라남도 영암군",
        "개최기간": "2023. 3. 30. ~ 4. 2. / 09:00~21:00",
        "축제성격": "문화예술 ",
        "관련 누리집": "http://www.왕인문화축제.kr",
        "축제장소": "왕인박사유적지, 구림마을 등 영암군 일원",
        "요금": "무료",
        "주최/주관기관": "영암군",
        "문의": "영암군향토축제추진위원회 관리자 061-470-2346"
    },
    {
        "title": "2023 경주벚꽃축제",
        "개최지역": "경상북도 경주시",
        "개최기간": "2023. 3. 31. ~ 4. 2. / 13:00~22:00",
        "축제성격": "생태자원 ",
        "관련 누리집": "https://www.instagram.com/gj_cherryblossoms/",
        "축제장소": "대릉원돌담길 일원, 봉황대 광장",
        "요금": "무료",
        "연령제한": "전연령가능",
        "주최/주관기관": "경주시",
        "문의": "(재)경주문화재단 관리자 054-777-5951~3"
    },
    {
        "title": "제21회 옥천묘목축제",
        "개최지역": "충청북도 옥천군",
        "개최기간": "2023. 3. 31. ~ 4. 2. / 10:00~21:00",
        "축제성격": "생태자원 ",
        "관련 누리집": "http://www.oc.go.kr/tree/index.do",
        "축제장소": "옥천묘목공원 일원",
        "오시는 길": "* 서울(경기, 강원) : 경부고속도로 - 옥천 IC - 이원면 소재지(15분 소요)\n\n* 부산(대구, 영남) : 경부고속도로 - 옥천 IC - 이원면 소재지(15분 소요)\n\n* 광주(호남지역) : 경부고속도로 회덕 IC - 경부고속도로 - 옥천 IC - 이원면 소재지(15분 소요)",
        "요금": "무료",
        "주최/주관기관": "옥천군, 옥천이원묘목영농조합법인",
        "문의": "옥묘목축제추진위원회 관리자 043-730-3593"
    },
    {
        "title": "서천 동백꽃 주꾸미축제",
        "개최지역": "충청남도 서천군",
        "개최기간": "2023. 3. 18. ~ 4. 2. / 09:30~18:30",
        "축제성격": "생태자원 ",
        "관련 누리집": "https://www.seocheon.go.kr/prog/tursmCn/v2/tour/sub03_01_01/view.do?cnt_no=45",
        "축제장소": "충청남도 서천군 서면 마량진항 일원",
        "요금": "축제장 이용요금은 무료이며, 체험프로그램은 유료로 운영됩니다.",
        "주최/주관기관": "서면개발위원회",
        "문의": "서면개발위원회 관리자 041-952-9123"
    },
    {
        "title": "부곡온천축제",
        "개최지역": "경상남도 창녕군",
        "개최기간": "2023. 3. 31. ~ 4. 2.",
        "축제성격": "온천축제 ",
        "축제참가인원(명)": "http://www.cng.go.kr/tour/festival/00001337.web",
        "소요예산(천원)": "경상남도 창녕군 부곡온천 관광특구 일원",
        "관련 누리집": "무료",
        "축제장소": "창녕군",
        "요금": "창녕군 생태관광과 온천담당 권혁남 창녕군청 관광체육과 055-530-1593 부곡온천관광협의회 055-536-6277"
    },
    {
        "title": "율봄식물원 딸기 시즌",
        "개최지역": "경기도 광주시",
        "개최기간": "2023. 2. 4. ~ 3. 31. / 오전 10시 ~ 오후 4시",
        "축제성격": "생태자원 ",
        "관련 누리집": "https://yulbom1107.modoo.at/",
        "축제장소": "율봄식물원 농산물체험장",
        "요금": "성인 5,000원 / 중고생 4,000원 / 유아,어린이 : 3,500원 (식물원 입장 필수. 체험비는 별도 발생됩니다.) 동절기 기간(11월 15일 ~ 3월 31일) 중 입장고객 1인 1매 음료 또는 동물먹이 교환(할인)권 증정 이벤트 진행중.",
        "소요시간": "1시간 ~ 2시간",
        "주최/주관기관": "율봄식물원",
        "문의": "관리자 031-798-3119"
    },
    {
        "title": "나미콩쿠르 수상작 展",
        "개최지역": "강원도 춘천시",
        "개최기간": "2021. 5. 1. ~ 2023. 3. 31. / 09:00 ~ 18:00",
        "축제성격": " ",
        "관련 누리집": "http://namiconcours.com/main.php",
        "축제장소": "남이섬 나미콩쿠르갤러리",
        "요금": "남이섬 입장 시 무료 관람 (공예원 체험 프로그램 유료)",
        "소요시간": "기간 내 자유",
        "연령제한": "전 연령 가능",
        "주최/주관기관": "세계책나라축제위원회",
        "문의": "남이섬교육문화그룹 관리자 031-580-8193"
    },
    {
        "title": "베리베리 빵빵데이 천안",
        "개최지역": "충청남도 천안시",
        "개최기간": "2023. 3. 25. ~ 26.",
        "축제성격": "기타 ",
        "관련 누리집": "https://pangpangday.co.kr",
        "축제장소": "행사 참여 동네 빵집",
        "요금": "관련 제품 할인 행사 이벤트",
        "소요시간": "없음",
        "연령제한": "없음",
        "주최/주관기관": "천안시, 대한제과협회 천안시지부",
        "문의": "천안시, 대한제과협회 천안시지부 관리자 041-561-4029, 041-521-5434"
    },
    {
        "title": "구룡포 어서오시게",
        "개최지역": "경상북도 포항시",
        "개최기간": "2023. 3. 24. ~ 26. / 11:00 ~ 20:00",
        "축제성격": "지역특산물 ",
        "관련 누리집": "https://www.pohang.go.kr/phtour/wmap/festival/view.do?menu_idx=75&org_code=0001&date_type=2&cm_idx=626",
        "축제장소": "아라광장",
        "요금": "무료",
        "주최/주관기관": "포항시",
        "문의": "구룡포수산업협동조합 관리자 054-270-2853"
    },
    {
        "title": "2023 베리베리 빵빵데이 천안",
        "개최지역": "충청남도 천안시",
        "개최기간": "2023. 3. 25. ~ 26.",
        "축제성격": "지역특산물 ",
        "관련 누리집": "https://pangpangday.co.kr",
        "축제장소": "행사 참여 동네 빵집",
        "요금": "관련 제품 할인 행사 이벤트",
        "소요시간": "없음",
        "연령제한": "없음",
        "주최/주관기관": "천안시, 대한제과협회 천안시지부",
        "문의": "천안시 - 후원 관리자 041-561-4029, 041-521-5434"
    },
    {
        "title": "제24회 구례산수유꽃축제",
        "개최지역": "전라남도 구례군",
        "개최기간": "2023. 3. 11. ~ 19.",
        "축제성격": "생태자원 ",
        "관련 누리집": "https://www.gurye.go.kr/tour/detail.do?tourId=TOUR_0000000100&menuNo=104001002000",
        "축제장소": "구례산수유꽃축제 상설행사장",
        "요금": "무료",
        "소요시간": "1시간~11시간",
        "연령제한": "전 연령",
        "주최/주관기관": "구례군",
        "문의": "구례산수유꽃축제추진위원회 관리자 061-782-2014"
    },
    {
        "title": "제7회 베지노믹스페어 비건페스타",
        "개최지역": "서울시 강남구",
        "개최기간": "2023. 3. 17. ~ 19.",
        "축제성격": "기타 ",
        "관련 누리집": "http://veganfesta.kr/main/",
        "축제장소": "SETEC 제1, 2 전시장",
        "요금": "1차 사전등록 : 4,000원(2022.12.31 24시 까지) / 2차 사전등록 : 6,000원(2023.03.16 18시 까지) / 현장구매 : 8,000원",
        "부대행사": "10:00 ~ 18:00 (입장마감 17:00)\n마지막 날 10:00 ~ 17:00 (입장마감 16:00)",
        "주최/주관기관": "㈜엑스컴인터내셔널",
        "문의": "㈜베지노믹스페어 비건페스타 관리자 02-2223-1851~3"
    },
    {
        "title": "오색별빛정원전",
        "개최지역": "경기도 가평군",
        "개최기간": "2022. 12. 9. ~ 2023. 3. 19. / 17:00 - 21:00 (토요일만 23:00)",
        "축제성격": "생태자원 ",
        "관련 누리집": "https://www.morningcalm.co.kr/html/main.php",
        "축제장소": "경기 가평군 아침고요수목원 내 주요정원",
        "요금": "성인 11,000원 / 청소년 8,500원 / 어린이 7,500원",
        "소요시간": "약 1시간~2시간",
        "연령제한": "전연령 가능함",
        "주최/주관기관": "아침고요수목원",
        "문의": "관리자 1544-6703"
    },
    {
        "title": "제19회 진안고원 고로쇠축제",
        "개최지역": "전라북도 진안군",
        "개최기간": "2023.3.11. ~ 2023.3.12.(2일간)",
        "축제성격": "생태자원 ",
        "관련 누리집": "https://www.jinan.go.kr/festival/",
        "축제장소": "진안군 주천면 운일암반일암 삼거광장 일원",
        "요금": "이용료 없음 (체험 프로그램별 발생 가능)",
        "주최/주관기관": "진안고원 운장산 고로쇠 축제위원회",
        "문의": "진안고원운장산고로쇠축제위원회 관리자 063-430-2391~3"
    },
    {
        "title": "제주 한림공원 2023 매화 축제",
        "개최지역": "제주도 제주시",
        "개최기간": "2023. 2. 11. ~ 3. 12.",
        "축제성격": "생태자원 ",
        "관련 누리집": "http://www.hallimpark.co.kr",
        "축제장소": "한림공원 (매화정원)",
        "요금": "개인 일반 15,000원 / 개인 경로 12,000원 / 개인 청소년 10,000원 / 개인 어린이 9,000원 / 단체 일반 12,000원 / 단체 경로 11,000원 / 단체 청소년 8,000원 / 단체 어린이 7,000원",
        "소요시간": "1시간 30분 ~ 2시간",
        "연령제한": "전연령",
        "주최/주관기관": "한림공원",
        "문의": "한림공원 관리자 064-796-0001"
    },
    {
        "title": "2023 제주들불축제",
        "개최지역": "제주도 제주시",
        "개최기간": "2023. 3. 9. ~ 12.",
        "축제성격": "전통역사 ",
        "관련 누리집": "https://www.jejusi.go.kr/buriburi/main.do",
        "축제장소": "제주시 애월읍 봉성리 새별오름 일원",
        "요금": "무료",
        "소요시간": "시간내 자유",
        "연령제한": "전연령 가능함",
        "주최/주관기관": "제주시",
        "문의": "제주시관광축제추진협의회 관리자 064-728-2736 (제주들불축제상황실)"
    },
    {
        "title": "논산딸기축제",
        "개최지역": "충청남도 논산시",
        "개최기간": "2023. 3. 8. ~ 12. / 10:00 ~ 21:00",
        "축제성격": "생태자원 ",
        "관련 누리집": "https://www.nonsan.go.kr/nsfestival/",
        "축제장소": "논산시민공원 및 시민운동장",
        "요금": "무료",
        "소요시간": "기간내자유",
        "주최/주관기관": "논산시",
        "문의": "2022논산딸기축제추진위원회 관리자 14-2217"
    },
    {
        "title": "제2회 피노키오&어린왕자 별빛축제",
        "개최지역": "경기도 가평군",
        "개최기간": "2022. 12. 2. ~ 2023. 3. 5.",
        "축제성격": "기타 ",
        "관련 누리집": "http://www.pinovinci.com/bbs_shop/read.htm?me_popup=&auto_frame=&cate_sub_idx=0&search_first_subject=&list_mode=board&board_code=rwdboard&search_key=&key=&page=&idx=20732",
        "축제장소": "쁘띠프랑스 & 이탈리아마을",
        "요금": "유료(누리집 참조)",
        "소요시간": "2시간",
        "연령제한": "연령제한 없음",
        "주최/주관기관": "㈜쁘띠프랑스",
        "문의": "㈜쁘띠프랑스 관리자 031-584-8200"
    },
    {
        "title": "제51회 강진청자축제",
        "개최지역": "전라남도 강진군",
        "개최기간": "2023. 2. 23. ~ 3. 1.",
        "축제성격": "문화예술 ",
        "관련 누리집": "https://gangjin1.clickn.co.kr/",
        "축제장소": "강진군 대구면 고려청자요지 일원",
        "요금": "무료 (일부 체험프로그램 유료)",
        "소요시간": "기간내 자유",
        "연령제한": "전연령 가능함",
        "주최/주관기관": "강진군",
        "문의": "강진군 축제추진위원회 관리자 061-430-3352"
    },
    {
        "title": "제1회 흥미진진얼음공주",
        "개최지역": "충청남도 공주시",
        "개최기간": "2023. 1. 28. ~ 3. 1. / 09:00 ~ 18:00",
        "축제성격": "생태자원 ",
        "관련 누리집": "http://www.xn--ob0bw38bk8aoxc.com/default/",
        "축제장소": "충청남도 공주시 사곡면 호계리 356 외 7필지",
        "요금": "얼음낚시이용권 25,000원, 초등학생낚시이용권 : 15,000원 *공주시민 20% 할인 제공 (중복할인 불가)",
        "주최/주관기관": "주식회사 얼음공주",
        "문의": "주식회사 얼음공주 관리자 041-841-0725"
    },
    {
        "title": "제12회 자라섬씽씽겨울축제",
        "개최지역": "경기도 가평군",
        "개최기간": "2022. 12. 30. ~ 2023. 3. 1. / 09:00 ~ 21:00",
        "축제성격": "기타 ",
        "관련 누리집": "http://singsingfestival.kr/",
        "축제장소": "가평군 가평읍 읍내리 1023번지 외 16필지",
        "요금": "유료, 얼음낚시(주중/주말) : 20,000/22,000, 우대할인(주중/주말) : 16,000/18,000",
        "주최/주관기관": "주식회사 신성케이엔씨",
        "문의": "주식회사 신성케이엔씨 관리자 031-582-9604"
    },
    {
        "title": "제3회 부산 희망 드림 빛축제",
        "개최지역": "부산시 부산진구",
        "개최기간": "2022. 12. 5. ~ 2023. 2. 28. / 18:00~23:00",
        "축제성격": "기타 ",
        "관련 누리집": "https://www.busanjin.go.kr/index.busanjin?menuCd=DOM_000001003003007000",
        "축제장소": "부산시민공원 남1문~북문",
        "요금": "무료",
        "주최/주관기관": "부산진구, 부산시민공원, 국립부산국악원",
        "문의": "부산진구, 부산시민공원, 국립부산국악원 관리자 051-605-4522"
    },
    {
        "title": "이월드 일루미네이션 2022",
        "개최지역": "대구시 달서구",
        "개최기간": "2022. 11. 19. ~ 2023. 2. 28.",
        "축제성격": "경연사업 ",
        "관련 누리집": "http://www.eworld.kr",
        "축제장소": "이월드",
        "요금": "유료 / 이월드 누리집 참고",
        "주최/주관기관": "이월드",
        "문의": "이월드 관리자 053-620-0001"
    },
    {
        "title": "빙어대잔치",
        "개최지역": "인천시 강화군",
        "개최기간": "2022. 12. 23. ~ 2023. 2. 28. / 주중 9:00-17:00, 주말 8:00-17:00",
        "축제성격": "생태자원 ",
        "관련 누리집": "http://www.ssfestival.co.kr",
        "축제장소": "신선낚시터",
        "요금": "성인 12,000원/유아 6,000원 / 36개월미만 증빙서류지참시 무료",
        "주최/주관기관": "신선낚시터",
        "문의": "고천마을 청년회 관리자 032-933-3866"
    },
    {
        "title": "제26회 영덕대게축제",
        "개최지역": "경상북도 영덕군",
        "개최기간": "2023. 2. 24.(금)~2022. 2. 26.(일)",
        "축제성격": "지역특산물 ",
        "관련 누리집": "https://crab.ydfesta.kr/",
        "축제장소": "삼사해상공원",
        "요금": "일부 체험 유료(영덕대게낚시, 대게싣고 달리기, 대게깜짝경매)",
        "소요시간": "시간내 자유",
        "연령제한": "전연령 가능함",
        "주최/주관기관": "영덕대게축제추진위원회, 영덕문화관광재단",
        "문의": "영덕문화관광재단 관리자 054-730-5852"
    },
    {
        "title": "울진대게와 붉은대게축제",
        "개최지역": "경상북도 울진군",
        "개최기간": "2023. 2. 23. ~ 26. / 10:00~18:00",
        "축제성격": "지역특산물 ",
        "관련 누리집": "http://www.uljin.go.kr/crab/index.uljin",
        "축제장소": "왕돌초 광장",
        "요금": "무료",
        "소요시간": "기간내자유",
        "연령제한": "연령제한없음",
        "주최/주관기관": "울진군",
        "문의": "울진군축제발전위원회 관리자 054-789-6851"
    },
    {
        "title": "제10회 양평 수미마을 빙송어축제",
        "개최지역": "경기도 양평군",
        "개최기간": "2023. 1. 13. ~ 2. 26. / 09:00~17:00",
        "축제성격": "생태자원 ",
        "관련 누리집": "https://winterfestival.kr/reserve/sub01.php",
        "축제장소": "수미마을",
        "요금": "유료, 19,000원 ~ 29,000원",
        "주최/주관기관": "수미마을",
        "문의": "양평빙송어축제 추진위원회 관리자 031-775-5205"
    },
    {
        "title": "청평 설빙 송어빙어 축제",
        "개최지역": "경기도 가평군",
        "개최기간": "2022. 12. 30. ~ 23. 2. 26. / 08:00 - 17:00",
        "축제성격": "기타 ",
        "관련 누리집": "https://blog.naver.com/sulbingicefishing",
        "축제장소": "가평군 청평면 청평리 738번지",
        "요금": "송어낚시 20,000원, 빙어낚시 20,000원, 송어맨손잡이 30,000원, 빙어뜰채 8,000원, 얼음썰매 8,000원",
        "소요시간": "기간 내 자유",
        "연령제한": "전 연령 가능",
        "주최/주관기관": "청평설빙 축제위원회",
        "문의": "청평설빙 축제위원회 관리자 031-584-2755"
    },
    {
        "title": "청평 설빙[눈과얼음] 축제",
        "개최지역": "경기도 가평군",
        "개최기간": "2022. 12. 30. ~ 2023. 2. 26. / 08:00 - 17:00",
        "축제성격": "기타 ",
        "관련 누리집": "https://korean.visitkorea.or.kr/detail/fes_detail.do?cotid=029b25ab-28f9-41e3-8f23-630dec732526",
        "축제장소": "가평군 청평면 청평리 738번지",
        "요금": "송어낚시 20,000원 / 빙어낚시 20,000원 / 송어맨손잡이 30,000원 / 빙어뜰채 8,000원 / 얼음썰매 8,000원",
        "소요시간": "기간 내 자유",
        "연령제한": "전 연령 가능",
        "주최/주관기관": "청평설빙 축제위원회",
        "문의": "청평설빙 축제위원회 관리자 031-584-2755"
    },
    {
        "title": "강화도왕방마을겨울축제",
        "개최지역": "인천시 강화군",
        "개최기간": "2022. 12. 24. ~ 23. 2. 26. / 09:00 - 17:00, (토)야간개장 예약제 18:00 - 21:00",
        "축제성격": "생태자원 ",
        "관련 누리집": "http://www.insanry.com/",
        "축제장소": "강화도송어빙어축제장 내",
        "요금": "얼음썰매 5000원, 빙어 성인(중고생 포함) 10000원, 빙어 어린이(초등~유아) 5000원, (1월 초) 산천어 송어 성인 27000원, 산천어 송어 중고생 20000원, 산천어 송어 초등학생 15000원, 36개월~미취학아동 5000원",
        "부대행사": "주말: 1부 08:00 - 12:00, 2부 13:00 - 17:00, 3부 18:00 - 20:00",
        "주최/주관기관": "인산리내수면어업계",
        "문의": "인산리축제준비위원회 관리자 032-937-8788"
    },
    {
        "title": "K-일러스트레이션페어 서울 2023",
        "개최지역": "서울시 강남구",
        "개최기간": "2023. 2. 16. ~ 19. / 11:00 ~ 18:00",
        "축제성격": "문화예술 ",
        "관련 누리집": "http://www.k-illustrationfair.com/",
        "축제장소": "코엑스 D홀",
        "요금": "현장 구매 시 성인 10,000원 / 초중고 청소년 7,000원 / 1차 사전등록(~1/16) 7,000원 / 2차 사전등록(1/17~2/15) 8,000원",
        "주최/주관기관": "㈜한국국제전시",
        "문의": "관리자 02-761-2512"
    },
    {
        "title": "제주 한림공원 2023 수선화 축제",
        "개최지역": "제주도 제주시",
        "개최기간": "2023. 1. 21. ~ 2. 19.",
        "축제성격": "생태자원 ",
        "관련 누리집": "http://www.hallimpark.com",
        "축제장소": "한림공원 (수선화/매화 정원)",
        "요금": "개인 일반 15,000원 / 개인 경로 12,000원 / 개인 청소년 10,000원 / 개인 어린이 9,000원 / 단체 일반 12,000원 / 단체 경로 11,000원 / 단체 청소년 8,000원 / 단체 어린이 7,000원",
        "소요시간": "행사기간 내 자유",
        "연령제한": "연령제한없음",
        "주최/주관기관": "한림공원",
        "문의": "한림공원 관리자 064-796-0001"
    },
    {
        "title": "양평 백동저수지 빙어축제",
        "개최지역": "경기도 양평군",
        "개최기간": "2023. 1. 6. ~ 2023. 2. 19. / 08:00 ~ 17:00",
        "축제성격": "생태자원 ",
        "관련 누리집": "http://www.lakefestival.co.kr/",
        "축제장소": "백동저수지",
        "요금": "일반 10,000원 (미취학 아동 5,000원)",
        "연령제한": "전 연령 가능",
        "주최/주관기관": "양평빙어축제위원회",
        "문의": "관리자 031-771-7750"
    },
    {
        "title": "2023 칠갑산 얼음분수 축제",
        "개최지역": "충청남도 청양군",
        "개최기간": "2023. 1. 1. ~ 2. 19.",
        "축제성격": "기타 ",
        "관련 누리집": "http://www.alpsvill.com/71",
        "축제장소": "알프스마을",
        "요금": "입장료 8,000(온라인 예매가)",
        "소요시간": "시간내 자유",
        "연령제한": "전연령 가능함",
        "부대행사": "주간 : 09:00 ~ 18:00\n야간 : 18:00 ~ 22:00 (야간운영은 현장상황에 따라 달라질 수 있음)",
        "주최/주관기관": "알프스마을 운영위원회",
        "문의": "알프스마을 운영위원회 관리자 041-942-0797"
    },
    {
        "title": "양주 눈꽃축제",
        "개최지역": "경기도 양주시",
        "개최기간": "2022. 12. 23. ~ 2023. 2. 19. / 날씨에 따라 행사 일정 변동 가능",
        "축제성격": "생태자원 ",
        "관련 누리집": "http://www.fes-artvalley.com/",
        "축제장소": "경기도양주시 장흥자연휴양림",
        "요금": "현장 입장료 - (주중) 13,000원 / (주말) 16,000원",
        "소요시간": "시간내 자유",
        "연령제한": "전연령 가능함",
        "주최/주관기관": "양주 눈꽃축제 조직위원회",
        "문의": "크라운해태 아트밸리 관리자 031-826-2975"
    },
    {
        "title": "원주 회촌 달맞이축제",
        "개최지역": "강원도 원주시",
        "개최기간": "2023. 2. 6. ~ 13. / 15:00 ~ 22:00",
        "축제성격": "전통역사 ",
        "관련 누리집": "http://www.maeji.co.kr",
        "축제장소": "매지리 회촌마을 달맞이 광장",
        "오시는 길": "동서울시외버스터미널(원주행) - 원주터미널 하차. 시내방향 버스정거장에서 흥업행, 연세대학교 매지리 캠퍼스행 34번 버스 이용하여 종점에서 하차(15분 간격 운행)",
        "요금": "무료",
        "소요시간": "시간내 자유",
        "연령제한": "전연령 가능",
        "주최/주관기관": "회촌 달맞이 축제위원회",
        "문의": "원주 매지농악보존회, 회촌청장년회 관리자 033-763-6622"
    },
    {
        "title": "제98회 포천 산정호수 썰매축제",
        "개최지역": "경기도 포천시",
        "개최기간": "2022. 12. 30. ~ 2023. 2. 12. / 10:00 - 17:00(주말 및 공휴일 17:30)",
        "축제성격": "생태자원 ",
        "관련 누리집": "http://www.sjlake.co.kr/default/info/event4.php",
        "축제장소": "산정호수 조각공원일대",
        "요금": "유료 6,000원~12,000원",
        "주최/주관기관": "산정호수마을회",
        "문의": "관리자 031-532-6135"
    },
    {
        "title": "강화 양오낚시터 빙어축제",
        "개최지역": "인천시 강화군",
        "개최기간": "2022. 12. 24. ~ 2023. 2 .12. / 08:30 - 17:00",
        "축제성격": "생태자원 ",
        "관련 누리집": "http://www.yango.co.kr",
        "축제장소": "인천시 강화군 전망대로 423번길 161 양오낚시터",
        "요금": "유료 입장권 1인 10,000원 (36개월미만 무료)",
        "소요시간": "기간 내 자유",
        "연령제한": "전 연령 가능",
        "주최/주관기관": "양오낚시터",
        "문의": "양오낚시터 관리자 032-933-3266"
    },
    {
        "title": "2023 삼척정월대보름제",
        "개최지역": "강원도 삼척시",
        "개최기간": "2023. 2. 3. ~ 5. / 10:00~20:00",
        "축제성격": "전통역사 ",
        "관련 누리집": "http://www.fullmoonfestival.or.kr/",
        "축제장소": "삼척 엑스포공원, 척주로, 삼척해수욕장 일원",
        "요금": "무료",
        "주최/주관기관": "삼척시",
        "문의": "삼척정월대보름제위원회 관리자 033-573-2882,9882"
    },
    {
        "title": "2023년 여주 남한강 대보름 달집태우기 축제",
        "개최지역": "경기도 여주시",
        "개최기간": "2023. 2. 5. / 14:00 - 21:00",
        "축제성격": "전통역사 ",
        "관련 누리집": "https://yj4333.modoo.at/",
        "축제장소": "연인교",
        "요금": "무료",
        "소요시간": "기간 내 자유",
        "연령제한": "전연령 가능",
        "주최/주관기관": "여주시, 여주시민연합, 국제로타리3600지구여주지역협의회",
        "문의": "여주세종문화재단 관리자 031-886-4333"
    },
    {
        "title": "안동 암산얼음축제",
        "개최지역": "경상북도 안동시",
        "개최기간": "2023. 1. 28. ~ 2. 5. / 10:00 ~ 17:00",
        "축제성격": "생태자원 ",
        "관련 누리집": "http://www.binggo.org",
        "축제장소": "안동시 남후면 광음리 암산유원지 일대",
        "요금": "무료 ▷ 빙어낚시: 일반(04년생 이상) 15,000원 / 청소년(16년생~05년생) 12,000원 / 미취학아동(17년생 이하) 무료 / 낚시대, 미끼 각 3,000원 / 의자 대여 2,000원 / ▷ 썰매체험: 1인용 10,000원 / 2~3인용 15,000원 / 대여보증금 5,000원 / 10,000원 / 빙어낚시체험장 제외한 전체 공간 이용 가능 ※낚시 및 썰매 이용시, 암산얼음축제 상품권 5,000원권 지급(낚시/썰매에 재사용 불가",
        "소요시간": "시간내 자유",
        "연령제한": "전연령 가능",
        "주최/주관기관": "안동시",
        "문의": "(재)한국정신문화재단, 안동암산얼음축제추진위원회 관리자 054-840-3425"
    },
    {
        "title": "2023 청도 정월대보름민속한마당",
        "개최지역": "경상북도 청도군",
        "개최기간": "2023. 2. 5.",
        "축제성격": "전통역사 ",
        "관련 누리집": "https://www.cheongdo.go.kr/open.content/tour/festival/january/",
        "축제장소": "청도천 둔치",
        "요금": "무료 입장",
        "주최/주관기관": "청도군",
        "문의": "달집전승보존회, 도주줄당기기전승보존회 관리자 054-370-6376"
    },
    {
        "title": "부산 송도 달집축제",
        "개최지역": "부산시 서구",
        "개최기간": "2023. 2. 5.",
        "축제성격": "전통역사 ",
        "관련 누리집": "http://www.bsseogu.go.kr",
        "축제장소": "부산 서구 송도해수욕장 일원",
        "요금": "무료",
        "소요시간": "시간내 자유",
        "연령제한": "전연령 가능함",
        "주최/주관기관": "서구청",
        "문의": "송도문화축제위원회 관리자 051-240-4062"
    },
    {
        "title": "제 5회 양평 산수유마을 빙어축제",
        "개최지역": "경기도 양평군",
        "개최기간": "2022. 12. 24. ~ 2023. 2. 5. / 08:00 - 16:00",
        "축제성격": "생태자원 ",
        "관련 누리집": "http://hyangrifishingpark.modoo.at",
        "축제장소": "향리낚시터",
        "요금": "성인(1만원), 미취학아동(5천원)",
        "소요시간": "기간내 자유",
        "연령제한": "전연령 가능",
        "주최/주관기관": "향리낚시터",
        "문의": "관리자 관련 누리집 참조"
    },
    {
        "title": "동장군축제",
        "개최지역": "경기도 포천시",
        "개최기간": "2022. 12. 23. ~ 2023. 2. 5.",
        "축제성격": "기타 ",
        "관련 누리집": "https://dongjangkun.co.kr/main/index.html",
        "축제장소": "백운계곡일원",
        "요금": "입장료 2,000원 / 포천 시민, 경로 65세 이상, 미취학아동, 군인-무료",
        "주최/주관기관": "포천시청",
        "문의": "관리자 031-536-9917"
    },
    {
        "title": "안성두메호수빙어축제",
        "개최지역": "경기도 안성시",
        "개최기간": "2022. 12. 24. ~ 2023. 2. 5. / 09:00 ~ 17:00",
        "축제성격": "지역특산물 ",
        "관련 누리집": "http://dmfestival.co.kr",
        "축제장소": "경기도 안성시 죽산면 두교리광혜원저수지",
        "요금": "기본1인 10,000원, 인원추가시 1인 5,000원 (미취학아동무료)",
        "주최/주관기관": "두메호수 내수면 어업계, 안성동막골마을 주민회 일동",
        "문의": "관리자 031-674-4528"
    },
    {
        "title": "제8회 고니골빛축제",
        "개최지역": "강원도 원주시",
        "개최기간": "2022. 11. 19. ~ 2023. 2. 5. / 13:00~20:00",
        "축제성격": "기타 ",
        "관련 누리집": "https://korean.visitkorea.or.kr/detail/fes_detail.do?cotid=fd856520-9f25-4eba-bb79-4a2dbba94764",
        "축제장소": "양잠테마단지 내",
        "요금": "입장료: 대인 5,000원/ 소인:36개월이상,초 중 고 3,000원",
        "연령제한": "전연령",
        "주최/주관기관": "영농조합법인 고니골/영농조합법인 원주양잠/고니골농장",
        "문의": "영농조합법인 고니골 관리자 033.766-0207"
    },
    {
        "title": "2023 제21회 양천구 정월대보름 민속축제",
        "개최지역": "서울시 양천구",
        "개최기간": "2023. 2. 4. / 15:00 ~ 19:00",
        "축제성격": "전통역사 ",
        "관련 누리집": "https://xn--z92b72qn1at0nqrn.kr/301",
        "축제장소": "양천구 안양천 야구장(신정교 아래)",
        "요금": "무료",
        "주최/주관기관": "양천문화원",
        "문의": "양천구청 관리자 02-2651-5300 (양천문화원)"
    },
    {
        "title": "제30회 태백산 눈축제",
        "개최지역": "강원도 태백시",
        "개최기간": "2023. 1. 27. ~ 31. / 10:30 ~ 18:00",
        "축제성격": "생태자원 ",
        "관련 누리집": "http://tbsnow.co.kr",
        "축제장소": "태백산국립공원, 태백문화광장 일원",
        "오시는 길": "* 버스\n동서울버스터미널 - 태백시외버스터미널 - 태백산도립공원(당골) 또는 황지연못 입구 시내버스 이용",
        "요금": "무료",
        "소요시간": "자유",
        "연령제한": "전연령가능",
        "주최/주관기관": "태백시",
        "문의": "태백시문화재단 관리자 033-553-6900"
    },
    {
        "title": "제4회 서창별빛거리",
        "개최지역": "인천시 남동구",
        "개최기간": "2022. 12. 16. ~ 2023. 1. 31.",
        "축제성격": "기타 ",
        "관련 누리집": "https://www.namdong.go.kr/main/bbs/bbsMsgDetail.do?msg_seq=19202&bcd=press_release#none",
        "축제장소": "서창2지구 회전교차로 일원",
        "요금": "무료",
        "소요시간": "기간 내 자유",
        "연령제한": "전 연령 가능",
        "부대행사": "16일(금) 점등식 17:30\n17일(토) 콘서트 18:00",
        "주최/주관기관": "남동구",
        "문의": "관리자 032-453-2142"
    },
    {
        "title": "마노르블랑 동백꽃축제 2022",
        "개최지역": "제주도 서귀포시",
        "개최기간": "2022. 12. 5. ~ 2023. 1. 31. / 9:00~18:00",
        "축제성격": "생태자원 ",
        "관련 누리집": "https://www.instagram.com/jejumanorblanc/",
        "축제장소": "마노르블랑",
        "요금": "1인 1음료(초등학생부터~) / 감귤체험비 1인 5천원(초등학생부터~)",
        "소요시간": "30분~2시간",
        "연령제한": "전 연령",
        "주최/주관기관": "마노르블랑",
        "문의": "마노르블랑 관리자 064-794-0999"
    },
    {
        "title": "휴애리 동백축제",
        "개최지역": "제주도 서귀포시",
        "개최기간": "2022. 11. 14. ~ 2023. 1. 31. / 09:00~17:30 (입장마감 16:30 )",
        "축제성격": "생태자원 ",
        "관련 누리집": "http://hueree.com",
        "축제장소": "휴애리 자연생활공원",
        "요금": "성인:13,000원 / 단체:11,000원 / 도민, 장애우, 유공자, 경로 우대:6,500원 / 청소년:11,000원 / 단체:9,000원 / 도민, 장애우 :5,500원 / 어린이:10,000원 / 단체:8,0000원 / 도민, 장애우 :5,000원 / 단체는 30인 이상[학생단체(수학여행) 등 방문 시 별도 문의 요망] / 경로 할인은 만 65세 이상(신분증 제출) / 만 24개월까지는 무료입장 / 세 자녀 50% 할인(자녀만 할인 혜택, 고등학생까지) 제주특별자치도 민, 장애인, 군경은 반드시 신분증 및 증명서를 제시",
        "소요시간": "2시간 이상",
        "연령제한": "전 연령 가능",
        "주최/주관기관": "휴애리 자연생활공원",
        "문의": "관리자 064-732-2114"
    },
    {
        "title": "청도 프로방스 크리스마스 산타마을 빛축제",
        "개최지역": "경상북도 청도군",
        "개최기간": "2022. 11. 12. ~ 2023. 1. 31.",
        "축제성격": "기타 ",
        "관련 누리집": "http://www.cheongdo-provence.co.kr",
        "축제장소": "경상북도 청도군 화양읍 이슬미로 272-23 (화양읍)",
        "요금": "유료, 누리집 참조",
        "주최/주관기관": "청도 프로방스 포토랜드",
        "문의": "관리자 054-372-5050"
    },
    {
        "title": "제14회 평창송어축제",
        "개최지역": "강원도 평창군",
        "개최기간": "2022. 12. 30. ~ 2023. 1. 29. / 09:00 ~ 17:00",
        "축제성격": "생태자원 ",
        "관련 누리집": "https://www.festival700.or.kr",
        "축제장소": "강원도 평창군 진부면 경강로 3562",
        "요금": "유료(일부 무료) 송어체험 : 텐트낚시 39,000원, 텐트낚시 종합 49,000원(놀이시설 이용 포함) 얼음낚시 25,000원(초등학생 15,000원), 실내낚시(어린이)20,000원, 산송어 판매 20,000원, 맨손잡기 20,000원 놀이체험: 놀이종합권 28,000원, 눈썰매 8,000원, 스노우래프팅 8,000원, 스케이트 15,000원 얼음자전거 20,000원, 범퍼카 20,000원, 아르고 15,000원 전통썰매 무료",
        "소요시간": "자유",
        "연령제한": "제한 없음, 단 초등학생 이하는 보호자 동반 필수",
        "주최/주관기관": "평창 송어축제위원회",
        "문의": "관리자 033-336-4000"
    },
    {
        "title": "2023 얼음나라화천 산천어축제",
        "개최지역": "강원도 화천군",
        "개최기간": "2023. 1. 7. ~ 29.",
        "축제성격": "생태자원 ",
        "관련 누리집": "https://www.narafestival.com",
        "축제장소": "화천읍 일대",
        "요금": "행사 누리집 참고",
        "연령제한": "전연령 가능함",
        "부대행사": "9:00~18:00 (얼음낚시 야간 19:00~21:00)",
        "주최/주관기관": "화천군",
        "문의": "재단법인 나라 관리자 1688-3005"
    },
    {
        "title": "제10회 거창크리스마스트리문화축제",
        "개최지역": "경상남도 거창군",
        "개최기간": "2022. 12. 4. ~ 2023. 1. 25. / 17:00 - 02:00",
        "축제성격": "기타 ",
        "관련 누리집": "https://www.gcctf.co.kr",
        "축제장소": "군청 앞 및 문화광장, 로터리(중앙,대동,1교,2교,북부)",
        "요금": "무료",
        "소요시간": "기간내자유",
        "연령제한": "연령제한없음",
        "주최/주관기관": "거창크리스마스트리문화축제위원회",
        "문의": "거창크리스마스트리문화축제위원회 관리자 055-943-3579"
    },
    {
        "title": "제11회 홍천강 꽁꽁축제",
        "개최지역": "강원도 홍천군",
        "개최기간": "2023. 1. 13. ~ 24. / 09:00 - 18:00",
        "축제성격": "생태자원 ",
        "관련 누리집": "https://www.hccf.or.kr/Home/index",
        "축제장소": "홍천강둔치주차장",
        "요금": "낚시터 요금 - 인당 15,000원 / 홍천사랑상품권 5,000원 증정 / 기타 할인은 누리집 참조",
        "소요시간": "기간내 자유",
        "연령제한": "전연령 가능함",
        "주최/주관기관": "홍천군",
        "문의": "관리자 033-439-5853"
    },
    {
        "title": "안동 눈빛 축제",
        "개최지역": "경상북도 안동시",
        "개최기간": "2022. 12. 16. ~ 2023. 1. 24.",
        "축제성격": "기타 ",
        "관련 누리집": "https://blog.naver.com/aftf",
        "요금": "눈썰매장 이용요금: 1인 1회차(2시간) 당 7,000원, 안동사랑상품권 5,000원 지급",
        "연령제한": "눈썰매장 이용 연령: 만 6세 이상, 6세 미만의 경우 보호자 동반 입장",
        "부대행사": "매주 월요일 휴장(2023.01.23 제외)\n평일: 10:00 ~ 20:00\n주말,공휴일: 10:00 ~ 21:00\n* 눈썰매장 10:00 ~ 17:00",
        "주최/주관기관": "안동시",
        "문의": "(재)한국정신문화재단 관리자 054-840-3421~4"
    },
    {
        "title": "제9회 해운대 빛축제",
        "개최지역": "부산시 해운대구",
        "개최기간": "2022. 11. 18. ~ 2023. 1. 24.",
        "축제성격": "기타 ",
        "관련 누리집": "https://www.haeundae.go.kr/tour/index.do?menuCd=DOM_000000309006000000",
        "축제장소": "해운대해수욕장, 해운대광장(구남로), 해운대 시장, 온천길 일원",
        "요금": "무료",
        "부대행사": "17:30~23:00(해운대해수욕장)\n17:30~24:00(구남로)",
        "주최/주관기관": "해운대구",
        "문의": "해운대구, 해운대빛문화추진위원회 관리자 051-749-4061~4"
    },
    {
        "title": "2022 별빛내린천 신사리상권 릴레이 이벤트",
        "개최지역": "서울시 관악구",
        "개최기간": "2022. 9. 23. ~ 2023. 1. 14.",
        "축제성격": "기타 ",
        "관련 누리집": "https://www.instagram.com/sinsary100/",
        "축제장소": "별빛내린천 수변무대",
        "요금": "무료",
        "부대행사": "(금)18:00~20:00\n(토)14:00~18:00\n※ 11월 이전 행사시간은 인스타그램 www.instagram.com/sinsary 확인",
        "주최/주관기관": "관악상권르네상스사업추진단",
        "문의": "관리자 02-554-9795"
    },
    {
        "title": "제12회 함안곶감축제",
        "개최지역": "경상남도 함안군",
        "개최기간": "2023. 1. 6. ~ 8. / 09:00~17:00",
        "축제성격": "지역특산물 ",
        "관련 누리집": "http://www.xn--439a1qv79c0xo.kr/",
        "축제장소": "함안체육관",
        "요금": "무료",
        "주최/주관기관": "함안군",
        "문의": "함안곶감축제위원회 관리자 055-294-9697"
    },
    {
        "title": "제6회 겨울공주 군밤축제",
        "개최지역": "충청남도 공주시",
        "개최기간": "2023. 1. 6. ~ 8. / 11:00-20:00",
        "축제성격": "지역특산물 ",
        "관련 누리집": "https://www.gongjugunbam.com/",
        "축제장소": "아트센터고마 일원",
        "요금": "무료",
        "주최/주관기관": "공주시",
        "문의": "겨울공주군밤축제조직위원회 관리자 041-840-8090"
    },
    {
        "title": "2023 서울 아시테지 겨울축제",
        "개최지역": "서울시 종로구",
        "개최기간": "2022. 12. 28. ~ 2023. 1. 8.",
        "축제성격": "문화예술 ",
        "관련 누리집": "http://assitejkorea.org",
        "축제장소": "공연장 : 종로 아이들극장, (재)서울문화재단 대학로극장 쿼드, 한국장애인문화예술원 / 온라인 : 플레이슈터",
        "요금": "대표공연 35,000원 / 뉴챌린지 20,000원",
        "소요시간": "공연 별 상이",
        "연령제한": "공연 별 상이",
        "주최/주관기관": "(사)국제아동청소년연극협회(ASSITEJ Korea)",
        "문의": "(사)국제아동청소년연극협회(ASSITEJ KOREA) 관리자 02-745-5863"
    },
    {
        "title": "2023 영동곶감축제",
        "개최지역": "충청북도 영동군",
        "개최기간": "2023. 1. 6. ~ 8. / 10:00 ~ 18:00",
        "축제성격": "지역특산물 ",
        "관련 누리집": "http://www.ydfesta.com/",
        "축제장소": "영동체육관 일원",
        "요금": "무료 (일부 체험 유료 : 2,000원 ~ 3,000원)",
        "소요시간": "3시간 내외",
        "연령제한": "전연령",
        "주최/주관기관": "영동군",
        "문의": "(재)영동축제관광재단, 영동곶감연합회 관리자 043-745-8917"
    },
    {
        "title": "헬로, 메리크리스마루 「CHRISTMAS MARKET」",
        "개최지역": "서울시 마포구",
        "개최기간": "2022. 11. 25. ~ 2023. 1. 8.",
        "축제성격": " ",
        "관련 누리집": "https://www.instagram.com/kbkbkb_official/",
        "축제장소": "KB청춘마루",
        "요금": "무료",
        "부대행사": "월요일 ~ 토요일 12:00 ~ 21:00\n일요일 및 공휴일 12:00 ~ 18:00",
        "주최/주관기관": "KB청춘마루",
        "문의": "관리자 02-3144-7744"
    },
    {
        "title": "네이처파크 [미라클 크리스마스]",
        "개최지역": "대구시 달성군",
        "개최기간": "2022. 11. 26. ~ 2023. 1. 8. / 주중, 주말 10:00~18:00",
        "축제성격": "기타 ",
        "관련 누리집": "http://www.spavalley.co.kr/naturepark/",
        "축제장소": "리조트스파밸리-네이처파크",
        "요금": "유료 (정상가 성인1인 18,000월 / 소인1인16,000원 / 24개월미만 무료)",
        "주최/주관기관": "리조트 스파밸리",
        "문의": "관리자 1688-8511"
    },
    {
        "title": "제4회 수성빛예술제",
        "개최지역": "대구시 수성구",
        "개최기간": "2022. 12. 9. ~ 2023. 1. 2. / 17:00 ~ 23:00",
        "축제성격": "문화예술 ",
        "관련 누리집": "http://sslaf.kr/",
        "축제장소": "수성못 일원",
        "요금": "무료",
        "소요시간": "기간 내 자유",
        "연령제한": "전 연령 가능",
        "주최/주관기관": "수성구",
        "문의": "(재)수성문화재단 관리자 053-668-1500"
    },
    {
        "title": "영덕대게축제",
        "개최지역": "경상북도 영덕군",
        "개최기간": "2022. 12. 22. ~ 26. (온라인 축제기간 2022.12.5~2023.1.2)",
        "축제성격": "지역특산물 ",
        "관련 누리집": "https://crab.ydfesta.kr/",
        "축제장소": "영덕군 강구면 해파랑공원 일대, 온라인",
        "요금": "무료",
        "주최/주관기관": "영덕대게축제추진위원회, 영덕문화관광재단",
        "문의": "영덕군 수산진흥과 정제훈 054-730-5854"
    },
    {
        "title": "여수향일암일출제",
        "개최지역": "전라남도 여수시",
        "개최기간": "2022. 12. 31. ~ 2023. 1. 1.",
        "축제성격": "기타 ",
        "관련 누리집": "http://www.yeosu.go.kr/tour",
        "축제장소": "여수시 돌산읍 임포마을(향일암) 일원",
        "오시는 길": "* 승용차 : 돌산대교 -> 죽포 삼거리에서 좌회전 -> 7번 군도를 따라 종점(26㎞)\n* 시내버스 : 돌산대교 -> 무술목 -> 방죽포 -> 임포 101, 111, 113번 버스(소요시간 1시간 15분)",
        "요금": "무료",
        "소요시간": "자유",
        "연령제한": "전연령 가능함",
        "주최/주관기관": "여수시",
        "문의": "여수향일암일출제추진위원회 관리자 1899-2012"
    },
    {
        "title": "2023 영동대로 카운트다운",
        "개최지역": "서울시 강남구",
        "개최기간": "2022. 12. 31. ~ 31. / 11:00 - 19:00",
        "축제성격": "기타 ",
        "관련 누리집": "https://me2.do/xR0hBZg9",
        "축제장소": "현대자동차 유튜브",
        "요금": "무료",
        "소요시간": "기간 내 자유",
        "연령제한": "전 연령 가능",
        "주최/주관기관": "현대자동차, 강남구청, 한국무역협회",
        "문의": "관리자 02-3423-5114"
    },
    {
        "title": "제16회 지리산산청곶감축제",
        "개최지역": "경상남도 산청군",
        "개최기간": "2022. 12. 29. ~ 2023. 1. 1.",
        "축제성격": "지역특산물 ",
        "관련 누리집": "http://www.gotgam.center/",
        "축제장소": "산청곶감유통센터",
        "요금": "무료",
        "연령제한": "전연령",
        "주최/주관기관": "지리산산청곶감작목연합회, 산청군농업협동조합",
        "문의": "지리산산청곶감축제위원회 관리자 055-973-0085"
    },
    {
        "title": "제7회 함양고종시 곶감축제",
        "개최지역": "경상남도 함양군",
        "개최기간": "2022. 12. 30. ~ 2023. 1. 1. / 10:00~18:0010:00~16:30",
        "축제성격": "지역특산물 ",
        "관련 누리집": "https://www.2900.co.kr/",
        "축제장소": "상림공원 고운광장",
        "요금": "무료",
        "주최/주관기관": "함양고종시곶감축제위원회",
        "문의": "관리자"
    },
    {
        "title": "2023 카운트다운부산",
        "개최지역": "부산시 수영구",
        "개최기간": "2022. 12. 31. ~ 2023. 1. 1. / 23:00 ~ 00:10 (70분)",
        "축제성격": "기타 ",
        "관련 누리집": "http://countdownbusan.co.kr",
        "축제장소": "부산광역시 수영구 광안리해변",
        "요금": "무료",
        "소요시간": "70분",
        "주최/주관기관": "KNN 부산경남대표방송",
        "문의": "KNN 부산경남대표방송, 부산수영구청 관리자 051-850-9000"
    },
    {
        "title": "서천 마량진항 해넘이·해돋이 축제",
        "개최지역": "충청남도 서천군",
        "개최기간": "2022. 12. 31. ~ 2023. 1. 1.",
        "축제성격": "기타 ",
        "관련 누리집": "http://www.seocheon.go.kr/prog/tursmCn/v2/tour/sub03_01_06/view.do?cnt_no=53",
        "축제장소": "서면 마량진항 일원",
        "요금": "무료",
        "연령제한": "전연령가능",
        "주최/주관기관": "서천군",
        "문의": "서면개발위원회 관리자 041-952-9123"
    },
    {
        "title": "서울라이트 DDP",
        "개최지역": "서울시 중구",
        "개최기간": "2022. 12. 17. ~ 2023. 1. 1. / 19:00~22:00",
        "축제성격": "기타 ",
        "관련 누리집": "http://ddp.or.kr",
        "축제장소": "DDP",
        "요금": "무료",
        "주최/주관기관": "서울특별시, 서울디자인 재단",
        "문의": "관리자 02-6953-9010"
    },
    {
        "title": "피란수도 부산 문화재 야행",
        "개최지역": "부산시 서구",
        "개최기간": "2023. 8. 18. ~ 19. / 17:00~22:00",
        "축제성격": "전통역사 ",
        "관련 누리집": "https://busan-heritage-night.com/html/main/main.php",
        "축제장소": "부산근현대역사관, 유라리광장 등",
        "요금": "무료 *일부체험프로그램(유료)",
        "주최/주관기관": "부산광역시",
        "문의": "관리자 070-4006-7877"
    },
    {
        "title": "대구 문화재 야행",
        "개최지역": "대구시 중구",
        "개최기간": "2023. 8. 18. ~ 19. / 19:00~22:00",
        "축제성격": "전통역사 ",
        "관련 누리집": "http://heritage-night.jung.daegu.kr/",
        "축제장소": "경상감영공원 일원(포정동, 향촌동 등)",
        "요금": "무료(일부 체험행사 유료)",
        "연령제한": "전체관람",
        "주최/주관기관": "문화재청, 대구광역시, 대구광역시 중구",
        "문의": "대구광역시 중구 관리자 053-661-2191"
    },
    {
        "title": "오감만족 문경새재맨발페스티벌",
        "개최지역": "경상북도 문경시",
        "개최기간": "2023. 8. 19. / 09:30~18:00",
        "축제성격": "생태자원 ",
        "관련 누리집": "https://cafe.naver.com/maenbal",
        "축제장소": "문경새재일원",
        "요금": "참가비 : 1인 15,000원",
        "소요시간": "자유",
        "연령제한": "전연령",
        "주최/주관기관": "대구한국일보",
        "문의": "엠플러스한국 관리자 053-754-7981, 010-6512-5881"
    },
    {
        "title": "필봉마을굿 축제",
        "개최지역": "전라북도 임실군",
        "개최기간": "2023. 8. 17. ~ 20. / 14:00~22:30 (일정표 참고)",
        "축제성격": "문화예술 ",
        "관련 누리집": "http://www.pilbong.co.kr",
        "축제장소": "필봉문화촌",
        "주최/주관기관": "전라북도, 임실군",
        "문의": "임실필봉농악보존회, 전라북도문화관광재단 관리자 063-643-1902"
    },
    {
        "title": "밀양문화재야행",
        "개최지역": "경상남도 밀양시",
        "개최기간": "2023. 8. 18. ~ 20. / 18:00~23:00",
        "축제성격": "전통역사 ",
        "관련 누리집": "https://www.miryangnight.com/",
        "축제장소": "영남루 일원",
        "요금": "누리집 참조",
        "주최/주관기관": "문화재청, 밀양시",
        "문의": "밀양문화재야행 추진위원회 관리자 055-355-0306"
    },
    {
        "title": "대한민국 청년미술축제 아트그라운드",
        "개최지역": "서울시 송파구",
        "개최기간": "2023. 8. 17. ~ 20. / 10:30~18:30",
        "축제성격": "문화예술 ",
        "관련 누리집": "https://www.artground.net/artgroundsel",
        "축제장소": "마루아트센터",
        "요금": "이벤트 참여 시 무료",
        "주최/주관기관": "사단법인 청년미술협회",
        "문의": "사단법인 청년미술협회 관리자 02-6958-5385"
    },
    {
        "title": "부안워터페스티벌",
        "개최지역": "전라북도 부안군",
        "개최기간": "2023. 7. 8. ~ 8. 20. / 10:00 ~ 18:00",
        "축제성격": "기타 ",
        "관련 누리집": "https://korean.visitkorea.or.kr/kfes/detail/fstvlDetail.do?cmsCntntsId=2993153",
        "축제장소": "챌린지테마파크",
        "요금": "평일 22,000원 / 주말 25,000원",
        "주최/주관기관": "챌린지테마파크",
        "문의": "챌린지테마파크 관리자 https://www.instagram.com/buanwaterfestival/"
    },
    {
        "title": "사천시 삼천포항 자연산 전어축제",
        "개최지역": "경상남도 사천시",
        "개최기간": "2023. 8. 18. ~ 20.",
        "축제성격": "지역특산물 ",
        "관련 누리집": "http://3004palpo.co.kr/page.php?Main=3&sub=2",
        "축제장소": "삼천포항 팔포음식특화지구 일원",
        "요금": "무료",
        "주최/주관기관": "사천시 삼천포항 자연산 전어축제 추진위원회",
        "문의": "사천시 삼천포항 자연산 전어축제 추진위원회 관리자 055-832-8568"
    },
    {
        "title": "한강페스티벌",
        "개최지역": "서울시 성동구",
        "개최기간": "2023. 8. 4. ~ 20.",
        "축제성격": "생태자원 ",
        "관련 누리집": "https://festival.seoul.go.kr/hangang",
        "축제장소": "한강 수상 및 8개 한강공원 일대",
        "요금": "무료(일부 유료)",
        "주최/주관기관": "서울시 미래한강본부",
        "문의": "서울특별시 한강사업본부 관리자 02-120"
    },
    {
        "title": "꼬꼬무런 - 이순신 동상이 사라졌다.",
        "개최지역": "경상남도 통영시",
        "개최기간": "2023. 8. 26. / 16:00 - 19:00",
        "축제성격": "전통역사 ",
        "관련 누리집": "https://korean.visitkorea.or.kr/kfes/detail/fstvlDetail.do?fstvlCntntsId=aed87ee5-2087-4634-ad89-deb8577fb76d",
        "축제장소": "통영 이순신공원",
        "요금": "5,000원",
        "주최/주관기관": "한국관광공사",
        "문의": "더가다, (재)통영한산대첩문화재단 관리자 0507-1393-7113"
    },
    {
        "title": "부천 소사복숭아축제",
        "개최지역": "경기도 부천시",
        "개최기간": "2023. 8. 25. ~ 26.",
        "축제성격": "지역특산물 ",
        "관련 누리집": "http://www.bucheon.go.kr/site/program/board/basicboard/view?boardtypeid=8975&menuid=126005001&boardid=976635",
        "축제장소": "부천여자중학교 운동장",
        "요금": "무료",
        "주최/주관기관": "소사복숭아축제 추진위원회",
        "문의": "관리자 032-625-6032"
    },
    {
        "title": "추풍령가요제",
        "개최지역": "충청북도 영동군",
        "개최기간": "2023. 8. 26. / 19:30",
        "축제성격": "문화예술 ",
        "관련 누리집": "http://www.yd21.go.kr",
        "축제장소": "영동레인보우 힐링관광지 특설무대",
        "요금": "무료",
        "소요시간": "2시간",
        "연령제한": "전연령 가능함",
        "주최/주관기관": "충청북도 영동군",
        "문의": "영동문화원, CJB청주방송 관리자 043-742-2215"
    },
    {
        "title": "시흥시민축구단 워터 페스티벌",
        "개최지역": "경기도 시흥시",
        "개최기간": "2023. 8. 26. / 10:30~18:00",
        "축제성격": "기타 ",
        "관련 누리집": "http://fcsiheung.com/",
        "축제장소": "시흥시 역전로 2",
        "요금": "미성년자/65세 이상 : 무료입장 / 시흥시민 : 4,000원 / 시흥 지역 외 거주자 : 7,000원",
        "소요시간": "8시간",
        "연령제한": "전 연령",
        "주최/주관기관": "(사)시흥시민축구단",
        "문의": "관리자 031-434-0041"
    },
    {
        "title": "9.81파크 구팔일 올데이 페스티벌",
        "개최지역": "제주도 제주시",
        "개최기간": "2023. 4. 29. ~ 8. 26. / 매주 토요일 11:00~20:30",
        "축제성격": "기타 ",
        "관련 누리집": "https://blog.naver.com/981jeju/223084808535",
        "축제장소": "9.81파크 제주",
        "요금": "랩하고 선셋 레이싱: 42,500원 981 선셋 무비 관람권: 10,000원 /981 올데이 BBQ(2인): 28,000원 981 올데이 BBQ(2인): 47,000원 /981 선세 훌라(1인): 39,500원 981 선셋 허슬(1인): 39,500원 /981올데이Live: 무료",
        "주최/주관기관": "모노리스 제주파크",
        "문의": "모노리스 제주파크 관리자 1833-9810"
    },
    {
        "title": "울산조선해양축제",
        "개최지역": "울산시 동구",
        "개최기간": "2023. 8. 25. ~ 26. / 19:30~22:00",
        "축제성격": "문화예술 ",
        "관련 누리집": "https://www.ussf.co.kr/",
        "축제장소": "동구 일산해수욕장",
        "요금": "무료 (나이트런 일산, 선상유람 투어 제외)",
        "주최/주관기관": "울산조선해양축제추진위원회",
        "문의": "울산광역시동구 문화체육과 이광우 052-716-5007"
    }
]