[
    {
        "title": "서울거리공연 [버스커페스티벌]",
        "개최지역": "서울시 용산구",
        "개최기간": "2023. 8. 25. ~ 27. / 13:00~21:00",
        "축제성격": "문화예술 ",
        "관련 누리집": "https://www.seoulbusking.com/",
        "축제장소": "노들섬",
        "요금": "무료",
        "주최/주관기관": "서울시",
        "문의": "㈜한글로벌 관리자 02-332-2965"
    },
    {
        "title": "한국민속촌 ‘그해, 시골 여름’",
        "개최지역": "경기도 용인시",
        "개최기간": "2023. 7. 1. ~ 8. 27. / 10:00~19:00",
        "축제성격": "전통역사 ",
        "관련 누리집": "http://www.koreanfolk.co.kr/",
        "축제장소": "한국민속촌",
        "요금": "경기도민 할인 19,000원(경기도 거주 고객 대상)",
        "소요시간": "기간내자유",
        "연령제한": "전연령가능",
        "주최/주관기관": "한국민속촌",
        "문의": "한국민속촌 관리자 031-288-0000"
    },
    {
        "title": "한탄강 지오 페스티벌",
        "개최지역": "경기도 포천시",
        "개최기간": "2023. 8. 26. ~ 27. / 10:00~22:00",
        "축제성격": "문화예술 ",
        "관련 누리집": "https://korean.visitkorea.or.kr/kfes/detail/fstvlDetail.do?cmsCntntsId=2996191",
        "축제장소": "비둘기낭 폭포 일원",
        "요금": "유료(미정)",
        "주최/주관기관": "포천시",
        "문의": "㈜포스필드 관리자 1544-1813"
    },
    {
        "title": "렛츠런파크 부산경남 썸즈업 워터페스티벌",
        "개최지역": "부산시 강서구",
        "개최기간": "2023. 7. 1. ~ 8. 27. / 매주 토,일 10:00~18:00",
        "축제성격": "기타 ",
        "관련 누리집": "https://park.kra.co.kr/busan_main.do",
        "축제장소": "렛츠런파크 부산경남",
        "요금": "유료 - 오전권(10:00~13:50) 4,000원 / 오후권(14:00~17:50) 4,000원 / 종일권 8,000원",
        "주최/주관기관": "한국마사회",
        "문의": "관리자 1566-3333"
    },
    {
        "title": "한국민속촌 그해, 시골 여름",
        "개최지역": "경기도 용인시",
        "개최기간": "2023. 7. 1. ~ 8. 27. / 10:00~19:00",
        "축제성격": "전통역사 ",
        "관련 누리집": "http://www.koreanfolk.co.kr/",
        "축제장소": "한국민속촌",
        "요금": "경기도민할인 19,000원(경기도 거주 고객 대상)",
        "소요시간": "기간내자유",
        "연령제한": "전연령가능",
        "주최/주관기관": "한국민속촌",
        "문의": "한국민속촌 관리자 031-288-0000"
    },
    {
        "title": "이월드 트로피컬 아쿠아 빌리지",
        "개최지역": "대구시 달서구",
        "개최기간": "2023. 6. 10. ~ 8. 27.",
        "축제성격": "기타 ",
        "관련 누리집": "https://eworld.kr/",
        "축제장소": "이월드",
        "요금": "이월드 누리집 참고",
        "주최/주관기관": "이월드",
        "문의": "이월드 관리자 053-620-0001"
    },
    {
        "title": "Re:023 대전 엑스포93",
        "개최지역": "대전시 유성구",
        "개최기간": "2023. 6. 12. ~ 8. 27. / 13:00~22:00",
        "축제성격": "기타 ",
        "관련 누리집": "https://korean.visitkorea.or.kr/kfes/detail/fstvlDetail.do?cmsCntntsId=2989352",
        "축제장소": "한빛탑물빛광장일대",
        "요금": "무료",
        "연령제한": "전연령",
        "주최/주관기관": "주식회사 더제우스, 충청뉴스",
        "문의": "주식회사 더제우스, 충청뉴스 관리자 관련 누리집 참조"
    },
    {
        "title": "이월드 퍼플 아일랜드",
        "개최지역": "대구시 달서구",
        "개최기간": "2023. 6. 7. ~ 8. 27.",
        "축제성격": "기타 ",
        "관련 누리집": "https://eworld.kr/",
        "축제장소": "이월드",
        "요금": "이월드 누리집 참고",
        "주최/주관기관": "이월드",
        "문의": "이월드 관리자 053-620-0001"
    },
    {
        "title": "청주문화재야행",
        "개최지역": "충청북도 청주시",
        "개최기간": "2023. 8. 25. ~ 27. / 18:00~23:00",
        "축제성격": "문화예술 ",
        "관련 누리집": "http://www.cjculturenight.org",
        "축제장소": "청주 중앙공원, 용두사지철당간, 청주시청 임시청사(청녕각), 성안길, 남주·남문로 한복문화의 거리",
        "요금": "무료/유료",
        "연령제한": "전 연령",
        "주최/주관기관": "문화재청, 충청북도, 청주시",
        "문의": "청주시문화산업진흥재단 관리자 043-219-1129 / 043-219-1131"
    },
    {
        "title": "영동포도축제",
        "개최지역": "충청북도 영동군",
        "개최기간": "2023. 8. 24. ~ 27. / 10:00 ~ 18:00",
        "축제성격": "지역특산물 ",
        "관련 누리집": "http://www.ydgrape.co.kr/",
        "축제장소": "영동레인보우힐링관광지",
        "요금": "무료 (일부체험유료)",
        "주최/주관기관": "영동군",
        "문의": "영동군청 농축산과 이인수 043-745-8918"
    },
    {
        "title": "서울프린지페스티벌",
        "개최지역": "서울시 마포구",
        "개최기간": "2023. 8. 8. ~ 27.",
        "축제성격": "문화예술 ",
        "관련 누리집": "https://www.seoulfringefestival.net:5632/",
        "축제장소": "서울시 마포구 및 서대문구 일대 실내외 공간",
        "요금": "누리집 참조",
        "주최/주관기관": "프린지페스티벌 사무국, 서울프린지네트워크",
        "문의": "문화체육과 김연주 02-325-8250"
    },
    {
        "title": "씨파크 핫썸머쿨캉스 페스티벌",
        "개최지역": "경상남도 합천군",
        "개최기간": "2023. 7. 1. ~ 8. 31. / 11:00~18:00",
        "축제성격": "기타 ",
        "관련 누리집": "https://c-park.co.kr/play",
        "축제장소": "씨파크",
        "요금": "입장권(대인)14세 이상 : 10,000원 / 입장권(소인)14세 미만 : 15,000원",
        "주최/주관기관": "주식회사 렛츠",
        "문의": "주식회사 렛츠 관리자 0507-1388-8883"
    },
    {
        "title": "스누피 가든 SUMMER CAMP",
        "개최지역": "제주도 제주시",
        "개최기간": "2023. 6. 10. ~ 8. 31. / 09:00 ~ 19:00",
        "축제성격": "기타 ",
        "관련 누리집": "www.snoopygarden.com",
        "축제장소": "스누피가든",
        "요금": "성인 18,000원 / 청소년 15,000원 / 소인 13,000원 / * 36개월 미만 무료 입장 / * 제주도민 20% 할인 / * 경로 65세 이상 20% 할인 / * 장애인/국가유공자 9,000원 / ※ 무료 입장 및 할인 적용 시 신분증 소지자에 한하여 적용",
        "주최/주관기관": "스누피가든",
        "문의": "스누피가든 관리자 064-903-1111"
    },
    {
        "title": "쁘띠프랑스 & 이탈리아마을 베니스가면축제",
        "개최지역": "경기도 가평군",
        "개최기간": "2023. 7. 1. ~ 8. 31. / 09:00~18:00",
        "축제성격": "기타 ",
        "관련 누리집": "http://www.pfcamp.com/#__90501__item1",
        "축제장소": "쁘띠프랑스 & 이탈리아마을",
        "요금": "유료 (누리집 참조)",
        "주최/주관기관": "쁘띠프랑스 & 이탈리아마을",
        "문의": "쁘띠프랑스 & 이탈리아마을 관리자 031-584-8200"
    },
    {
        "title": "한림공원 연꽃축제",
        "개최지역": "제주도 제주시",
        "개최기간": "2023. 7. 7. ~ 8. 31. / 09:00 ~ 18:30 (매표마감 시간 17:50)",
        "축제성격": "생태자원 ",
        "관련 누리집": "http://www.hallimpark.com/",
        "축제장소": "한림공원 연못정원 일대",
        "요금": "성인 15,000 / 경로(65세이상) 12,000/청소년(13세-18세) 10,000 / 어린이(3세-12세) 9,000/단체 및 할인 대상은 전화로 문의",
        "소요시간": "기간내자유",
        "연령제한": "전연령 가능함",
        "주최/주관기관": "한림공원",
        "문의": "한림공원 관리자 064-796-0001"
    },
    {
        "title": "마노르블랑 수국축제",
        "개최지역": "제주도 서귀포시",
        "개최기간": "2023. 4. 20. ~ 8. 31. / 09:00~19:00",
        "축제성격": "생태자원 ",
        "관련 누리집": "https://manorblanc.modoo.at/",
        "축제장소": "마노르블랑",
        "요금": "성인 5,500원, 초등학생이상 4,000원",
        "소요시간": "30분~2시간",
        "연령제한": "전연령가능",
        "주최/주관기관": "마노르블랑",
        "문의": "관리자 064-794-0999"
    },
    {
        "title": "달빛가득 부평도호부",
        "개최지역": "인천시 계양구",
        "개최기간": "2023. 9. 1. / 18:00 ~ 21:00",
        "축제성격": "기타 ",
        "관련 누리집": "http://www.igycc.or.kr/",
        "축제장소": "부평도호부관아 (부평초등학교 내)",
        "요금": "무료",
        "주최/주관기관": "인천광역시 계양구",
        "문의": "계양문화원 관리자 032-450-5754"
    },
    {
        "title": "사이사이 페스티벌",
        "개최지역": "충청남도 금산군",
        "개최기간": "2023. 9. 2. / 16:00~21:00",
        "축제성격": "기타 ",
        "관련 누리집": "https://blog.naver.com/urban106-1",
        "축제장소": "충남 금산 금빛시장 앞 건삼전길 골목 일대",
        "요금": "무료(일부 유료)",
        "주최/주관기관": "금산군",
        "문의": "금산 중도·하옥 도시재생 현장지원센터 관리자 041-754-0032"
    },
    {
        "title": "도봉옛길 문화제",
        "개최지역": "서울시 도봉구",
        "개최기간": "2023. 8. 24. ~ 2023. 9. 2.",
        "축제성격": "문화예술 ",
        "관련 누리집": "https://dobongfesta.modoo.at",
        "축제장소": "방학 사계광장(봄마당, 여름마당)",
        "요금": "무료",
        "주최/주관기관": "도봉구",
        "문의": "도봉문화원 관리자 02-905-4026"
    },
    {
        "title": "O-MZ 페스티벌",
        "개최지역": "강원도 강릉시",
        "개최기간": "2023. 9. 1. ~ 3.",
        "축제성격": "기타 ",
        "관련 누리집": "https://omzfestival.kr/",
        "축제장소": "강릉연곡솔향기캠핌장",
        "요금": "유료",
        "주최/주관기관": "강릉시, 강릉관광개발공사",
        "문의": "관리자 contact@thewave.co.kr"
    },
    {
        "title": "노원 북 페스티벌",
        "개최지역": "서울시 노원구",
        "개최기간": "2023. 9. 3. / 10:00 ~ 17:00",
        "축제성격": "문화예술 ",
        "관련 누리집": "https://www.nowonlib.kr/",
        "축제장소": "상계근린공원",
        "요금": "무료",
        "주최/주관기관": "노원구청",
        "문의": "노원구립도서관 관리자 02-2289-3405"
    },
    {
        "title": "화성송산포도축제",
        "개최지역": "경기도 화성시",
        "개최기간": "2023.09.02(토) / 09:00~21:00, 2023.09.03(일) / 09:00~18:00",
        "축제성격": "지역특산물 ",
        "관련 누리집": "https://xn--hq1b18vblaoou1yfqitqlyye.com/",
        "축제장소": "서신면 궁평항 광장(메인 행사장) / 동탄 호수공원 레이크 꼬모 앞 (포도판촉행사)",
        "요금": "무료",
        "주최/주관기관": "화성시",
        "문의": "화성푸드통합지원센터 관리자 031-5180-7851"
    },
    {
        "title": "동편제 국악 축제",
        "개최지역": "전라북도 남원시",
        "개최기간": "2023. 9. 2. ~ 3. / 15:00~17:00",
        "축제성격": "문화예술 ",
        "관련 누리집": "https://www.namwon.go.kr/index.do?contentsSid=5876",
        "축제장소": "비전마을 정자 앞",
        "요금": "무료",
        "주최/주관기관": "전라북도청, 남원시청",
        "문의": "한국예술종합학교 (주)케이아츠크리에이티브 관리자 063-620-5743"
    },
    {
        "title": "국토정중앙 양구 배꼽축제",
        "개최지역": "강원도 양구군",
        "개최기간": "2023. 9. 1. ~ 3. / 10:00 - 22:00",
        "축제성격": "기타 ",
        "관련 누리집": "https://www.ygtour.kr/Home/H30000/H30100/placeDetail?place_no=78&viewType=gallery&viewClass=tour&page=1&pageSize=12&order_column=1&place_class=P012",
        "축제장소": "양구 서천 레포츠 공원 일대",
        "요금": "무료",
        "주최/주관기관": "재단법인 양구문화재단",
        "문의": "재단법인 양구문화재단 관리자 033-482-9172"
    },
    {
        "title": "청양고추구기자 문화축제",
        "개최지역": "충청남도 청양군",
        "개최기간": "2023. 9. 1. ~ 3.",
        "축제성격": "지역특산물 ",
        "관련 누리집": "https://www.xn--539an7vgta625d.com/f23/",
        "축제장소": "백세건강공원",
        "요금": "무료",
        "주최/주관기관": "충청남도 청양군",
        "문의": "고추,구기자축제 추진위원회 관리자 041-940-2301~5"
    },
    {
        "title": "장애인문화예술축제 A Festival",
        "개최지역": "서울시 종로구",
        "개최기간": "2023. 9. 1. ~ 3. / 13:00~18:00",
        "축제성격": "문화예술 ",
        "관련 누리집": "http://www.fdca.or.kr/",
        "축제장소": "청와대 헬기장 및 춘추관 일대",
        "요금": "무료",
        "주최/주관기관": "(사)한국장애인문화예술단체총연합회",
        "문의": "2023장애인문화예술축제조직위원회 관리자 02-6351-5902"
    },
    {
        "title": "익산보석문화도시 AR보물찾기 진!짜! 축제",
        "개최지역": "전라북도 익산시",
        "개최기간": "2023. 9. 1. ~ 3. / 11:00~20:00",
        "축제성격": "기타 ",
        "관련 누리집": "https://korean.visitkorea.or.kr/kfes/detail/fstvlDetail.do?fstvlCntntsId=5ae277af-e537-4df4-835f-d4f8d91845f0",
        "축제장소": "영등동 익산귀금속보석산업단지 및 익산보석박물관 일원",
        "요금": "무료",
        "주최/주관기관": "익산시·익산문화도시지원센터",
        "문의": "익산시·익산문화도시지원센터 관리자 070-4116-7828 / 070-4172-6465"
    },
    {
        "title": "양평메기수염축제",
        "개최지역": "경기도 양평군",
        "개최기간": "2023. 6. 6. ~ 9. 3. / 10:00~17:00",
        "축제성격": "생태자원 ",
        "관련 누리집": "https://summerfestival.kr/main/main.php",
        "축제장소": "수미마을 일원",
        "요금": "9,000~99,000",
        "주최/주관기관": "수미마을",
        "문의": "양평메기수염축제 추진위원회 관리자 031-775-5205"
    },
    {
        "title": "제주레저힐링축제",
        "개최지역": "제주도 제주시",
        "개최기간": "2023. 9. 1. ~ 3. / 11:00~18:00",
        "축제성격": "기타 ",
        "관련 누리집": "https://jejulhfestival.kr/",
        "축제장소": "함덕해수욕장 및 서우봉 일원",
        "요금": "일부 유료",
        "주최/주관기관": "제주시",
        "문의": "제주시관광축제추진협의회 관리자 064-728-2718, 2736"
    },
    {
        "title": "부산국제코미디페스티벌",
        "개최지역": "부산시 해운대구",
        "개최기간": "2023. 8. 25. ~ 9. 3.",
        "축제성격": "기타 ",
        "관련 누리집": "http://www.bicf.kr",
        "축제장소": "부산 전역 (각 공연마다 상이)",
        "요금": "누리집 참조",
        "소요시간": "70분",
        "연령제한": "공연마다 상이",
        "주최/주관기관": "(사)부산국제코미디페스티벌조직위원회",
        "문의": "관리자 051-916-8828"
    },
    {
        "title": "대한민국 독서대전",
        "개최지역": "경기도 고양시",
        "개최기간": "2023. 9. 1. ~ 3.",
        "축제성격": "문화예술 ",
        "관련 누리집": "https://korearf.kpipa.or.kr/",
        "축제장소": "일산호수공원",
        "요금": "무료",
        "소요시간": "기간내 자유",
        "연령제한": "전연령가능",
        "주최/주관기관": "문화체육관광부",
        "문의": "관리자 031-8075-9282~5"
    },
    {
        "title": "괴산고추축제",
        "개최지역": "충청북도 괴산군",
        "개최기간": "2023. 8. 31. ~ 9. 3. / 09:00~22:00",
        "축제성격": "지역특산물 ",
        "관련 누리집": "https://www.goesanfestival.com/",
        "축제장소": "괴산유기농엑스포광장 일원",
        "요금": "무료 / 체험비 부분유료",
        "주최/주관기관": "괴산군",
        "문의": "문화관광과 공백운 043-830-3463"
    },
    {
        "title": "라틴아메리카 축제",
        "개최지역": "서울시 성북구",
        "개최기간": "2023. 9. 9. / 12:00~19:00",
        "축제성격": "기타 ",
        "관련 누리집": "https://korean.visitkorea.or.kr/kfes/detail/fstvlDetail.do?fstvlCntntsId=8a61a59c-e56f-41b0-bf88-219377ffe6dc",
        "축제장소": "성북천 분수마루 및 성북천 일대(한성대입구역 2번출구)",
        "요금": "중남미 음식 및 기념품 유료구매 (개인 컵or용기 소지시 메뉴당 500원 할인)",
        "주최/주관기관": "성북구청",
        "문의": "성북글로벌빌리지센터 관리자 02-2241-6383"
    },
    {
        "title": "강원 콘텐츠 페스타",
        "개최지역": "강원도 춘천시",
        "개최기간": "2023. 9. 8. ~ 9. / 10:00 ~ 18:00",
        "축제성격": "기타 ",
        "관련 누리집": "https://korean.visitkorea.or.kr/kfes/detail/fstvlDetail.do?cmsCntntsId=2997769",
        "축제장소": "KT&G 상상마당 춘천",
        "요금": "무료",
        "주최/주관기관": "강원특별자치도, 강원문화재단, 강원영상위원회",
        "문의": "관리자 1644-4845"
    },
    {
        "title": "천안뮤직클라우드페스티벌",
        "개최지역": "충청남도 천안시",
        "개최기간": "2023. 9. 9. / 10:00~20:00",
        "축제성격": "문화예술 ",
        "관련 누리집": "https://www.cnmusicfactory.com/home/main.do?screenTp=USER",
        "축제장소": "천안시민체육공원",
        "요금": "무료",
        "주최/주관기관": "충남음악창작소",
        "문의": "충남정보문화산업진흥원 관리자 02-2269-2011"
    },
    {
        "title": "세종썸머페스티벌: Groove",
        "개최지역": "서울시 종로구",
        "개최기간": "2023. 8. 11. ~ 9. 9. / 20:00",
        "축제성격": "기타 ",
        "관련 누리집": "https://www.sejongpac.or.kr/portal/main/main.do",
        "축제장소": "광화문광장",
        "요금": "무료",
        "주최/주관기관": "재단법인 세종문화회관",
        "문의": "재단법인 세종문화회관 관리자 02-399-1000"
    },
    {
        "title": "예산황새축제",
        "개최지역": "충청남도 예산군",
        "개최기간": "2023. 9. 9. ~ 10. / 10:00 ~ 21:00 (일 17:00)",
        "축제성격": "생태자원 ",
        "관련 누리집": "https://www.yesan.go.kr/stork.do",
        "축제장소": "예산황새공원",
        "요금": "무료",
        "주최/주관기관": "예산군",
        "문의": "황새권역영농조합법인 관리자 041-339-7338"
    },
    {
        "title": "K-Arts DMZ Festa",
        "개최지역": "강원도 춘천시",
        "개최기간": "2023. 9. 9. ~ 10. / 13:00~21:00",
        "축제성격": "문화예술 ",
        "관련 누리집": "http://www.dmzfesta.co.kr",
        "축제장소": "강원특별자치도세계잼버리수련장 (2023 강원세계산림엑스포행사장)",
        "요금": "무료 (티켓링크를 통해 무료좌석예약 진행예정)",
        "주최/주관기관": "문화체육관광부",
        "문의": "한국관광공사 관리자 KBS아트비전 02-540-3274"
    },
    {
        "title": "명량대첩축제",
        "개최지역": "전라남도 해남군",
        "개최기간": "2023. 9. 8. ~ 10. / 10:00 ~ 22:00",
        "축제성격": "전통역사 ",
        "관련 누리집": "http://www.mldc.kr/web/",
        "축제장소": "울돌목 일원(해남 우수영관광지, 진도 녹진관광지)",
        "요금": "무료",
        "주최/주관기관": "전라남도, 해남군, 진도군",
        "문의": "(재)명량대첩기념사업회 관리자 061-286-5265"
    },
    {
        "title": "서울라이트 DDP",
        "개최지역": "서울시 중구",
        "개최기간": "2023. 8. 31. ~ 9. 10. / 20:00 ~ 22:00",
        "축제성격": "기타 ",
        "관련 누리집": "http://www.ddp.or.kr//index.html?menuno=239&siteno=2&bbsno=587&boardno=16&bbstopno=587&act=view&subno=2",
        "축제장소": "동대문디자인플라자 (DDP)",
        "요금": "무료",
        "주최/주관기관": "서울특별시",
        "문의": "서울디자인재단 관리자 02-2153-0000"
    },
    {
        "title": "율봄식물원 봉선화 시즌",
        "개최지역": "경기도 광주시",
        "개최기간": "2023. 7. 31. ~ 9. 10. / 10:00~18:00 (입장마감 17:00)",
        "축제성격": "생태자원 ",
        "관련 누리집": "https://yulbom1107.modoo.at",
        "축제장소": "율봄식물원",
        "요금": "1인 5,000원(대인.소인 공통)",
        "주최/주관기관": "율봄농업예술원",
        "문의": "관리자 031-798-3119"
    },
    {
        "title": "공주 문화재야행",
        "개최지역": "충청남도 공주시",
        "개최기간": "2023. 9. 8. ~ 10.",
        "축제성격": "전통역사 ",
        "관련 누리집": "https://gongju-culturenight.com/",
        "축제장소": "공주 원도심 제민천 일원 근대 문화재(구 공주읍사무소, 제일교회 등)",
        "요금": "무료",
        "소요시간": "기간 내 자유",
        "연령제한": "전연령 가능",
        "주최/주관기관": "문화재청, 충청남도, 공주시",
        "문의": "국립공주대학교 관리자 041-852-8063"
    },
    {
        "title": "지용제",
        "개최지역": "충청북도 옥천군",
        "개최기간": "2023. 9. 7. ~ 10.",
        "축제성격": "문화예술 ",
        "관련 누리집": "http://gy-festival.okcc.or.kr/html/kr/",
        "축제장소": "정지용 생가",
        "주최/주관기관": "옥천군, 옥천문화원",
        "문의": "옥천군청 문화관광과 권미주 043-730-3402"
    },
    {
        "title": "무주반딧불축제",
        "개최지역": "전라북도 무주군",
        "개최기간": "2023. 9. 2. ~ 10. / 10:00~22:00",
        "축제성격": "생태자원 ",
        "관련 누리집": "https://www.firefly.or.kr/",
        "축제장소": "무주등나무운동장 일원",
        "요금": "무료(일부 유료)",
        "주최/주관기관": "전라북도 무주군",
        "문의": "문화관광과 이미경 063-324-2440"
    },
    {
        "title": "함양 산삼축제",
        "개최지역": "경상남도 함양군",
        "개최기간": "2023. 9. 7. ~ 12.",
        "축제성격": "지역특산물 ",
        "관련 누리집": "http://sansamfestival.hygn.go.kr/",
        "축제장소": "함양 상림공원 일원",
        "주최/주관기관": "함양군",
        "문의": "함양산삼축제위원회 관리자 055-964-3353"
    },
    {
        "title": "서울국제작가축제",
        "개최지역": "서울시 중구",
        "개최기간": "2023. 9. 8. ~ 13.",
        "축제성격": "문화예술 ",
        "관련 누리집": "https://www.siwf.or.kr/",
        "축제장소": "노들섬 라이브하우스, 다목적홀 숲, 노들갤러리 2관",
        "요금": "무료",
        "연령제한": "전 연령",
        "주최/주관기관": "한국문학번역원",
        "문의": "한국문학번역원 관리자 02-312-1581"
    },
    {
        "title": "헬스조선 힐링 골프축제",
        "개최지역": "경상북도 영덕군",
        "개최기간": "2023. 9. 11. ~ 14. / 일정별 상이",
        "축제성격": "기타 ",
        "관련 누리집": "http://www.vitatour.co.kr/item/item_detail.asp?seq=708&tseq=8&mseq=26",
        "축제장소": "경북 영덕 오션비치 골프앤리조트",
        "요금": "유료(누리집 참고)",
        "주최/주관기관": "헬스조선",
        "문의": "광동제약, 탁사모골프 관리자 1544-1984"
    },
    {
        "title": "휴애리 유럽 수국축제",
        "개최지역": "제주도 서귀포시",
        "개최기간": "2023. 7. 17. ~ 9. 15. / 9:00 - 18:00(입장마감 17:30)",
        "축제성격": "생태자원 ",
        "관련 누리집": "http://hueree.com/index.php",
        "축제장소": "휴애리자연생활공원 내",
        "요금": "성 인:13,000원/단체:9,000원/도민:8,000원/ 청소년:11,000원/단체:8,000원/도민:7,000원/ 어린이:10,000원/단체:7,000원/도민:6,000원/ 경로/장애인/국가유공자/군인/경찰/소방관 단체요금 적용/ 단체요금 20명 부터 적용/ 35개월까지는 무료입장/ 세자녀 50%할인(자녀만 할인혜택, 고등학생까지)/ 제주특별자치도민, 장애인, 유공자, 군인, 경찰, 소방관은 반드시 신분증 및 증명서를 제시해야 합니다.",
        "주최/주관기관": "휴애리 자연생활공원",
        "문의": "관리자 064-732-2114"
    },
    {
        "title": "예산 문화재야행",
        "개최지역": "충청남도 예산군",
        "개최기간": "2023. 9. 15. ~ 16. / 18:00 ~ 22:00",
        "축제성격": "전통역사 ",
        "관련 누리집": "http://www.yesannight.com/main/main.php",
        "축제장소": "예산군청 일원",
        "요금": "무료",
        "주최/주관기관": "예산군",
        "문의": "한국문화유산연구센터 관리자 02-2038-8938"
    },
    {
        "title": "대한민국 청년의 날",
        "개최지역": "서울시 영등포구",
        "개최기간": "2023. 9. 16. / 10:00~22:00",
        "축제성격": "기타 ",
        "관련 누리집": "http://www.ynf.or.kr",
        "축제장소": "여의도공원 문화의마당",
        "요금": "무료",
        "주최/주관기관": "사단법인 청년과미래, 일간스포츠, 이코노미스트",
        "문의": "사단법인 청년과미래 관리자 02-780-3939"
    },
    {
        "title": "따따블페스티벌",
        "개최지역": "대구시 중구",
        "개최기간": "2023. 9. 15. ~ 16. / 10:00 ~ 17:00",
        "축제성격": "기타 ",
        "관련 누리집": "http://weddingkorea.org/",
        "축제장소": "대박프라자 야외주차장",
        "요금": "무료",
        "주최/주관기관": "(사)디자인정책연구원, 웨딩산업비즈니스센터",
        "문의": "관리자 053-783-3399"
    },
    {
        "title": "대전청년주간",
        "개최지역": "대전시 서구",
        "개최기간": "2023. 9. 15. ~ 16. / 17:00~22:00",
        "축제성격": "기타 ",
        "관련 누리집": "https://www.daejeonyouthportal.kr",
        "축제장소": "대전 한빛탑 광장",
        "요금": "무료",
        "소요시간": "없음",
        "연령제한": "누구나",
        "주최/주관기관": "대전광역시",
        "문의": "대전광역시 관리자 대전청년내일센터 (0507-1496-3029)"
    },
    {
        "title": "서울스트리트댄스페스티벌 SSDF",
        "개최지역": "서울시 마포구",
        "개최기간": "2023. 9. 17. / 13:00 ~ 21:00",
        "축제성격": "문화예술 ",
        "관련 누리집": "https://ksda.modoo.at/",
        "축제장소": "서울 노들섬 다목적홀",
        "요금": "15,000원 ~ 20,000원",
        "주최/주관기관": "갬블러크루, SONE SONE(손에손에)",
        "문의": "관리자 02-2272-1917"
    },
    {
        "title": "서리풀페스티벌",
        "개최지역": "서울시 서대문구",
        "개최기간": "2023. 9. 16(토)13:00~22:00 / 2023. 9. 17(일)11:00~22:00",
        "축제성격": "문화예술 ",
        "관련 누리집": "https://seoripul.org/kor/main/main.jsp",
        "축제장소": "반포대로(서초역~서초3동사거리)",
        "요금": "무료 (누구나 참여 가능)",
        "주최/주관기관": "서초구청",
        "문의": "서초문화재단 관리자"
    },
    {
        "title": "소래포구 축제",
        "개최지역": "인천시 남동구",
        "개최기간": "2023. 9. 15. ~ 17. / 11:00 - 21:00",
        "축제성격": "생태자원 ",
        "관련 누리집": "https://www.namdong.go.kr/soraefestival",
        "축제장소": "소래포구 해오름광장 전통어시장 및 소래습지생태공원",
        "오시는 길": "[지하철]\n소래포구역 하차(하차 후 도보 5분)\n\n[버스]\n제물포역(인천) 21번 시내버스 이용(40분 소요)\n주안역(인천) 38번 시내버스 이용(30분 소요)\n백운역(인천) 20번 시내버스 이용(40분 소요)\n송내역 103번 좌석버스 이용(25분 소요)\n문학경기장역 27번 시내버스 이용(20분 소요)\n서울역(서울) : 1301번 광역버스 이용",
        "요금": "무료",
        "연령제한": "전연령",
        "주최/주관기관": "남동구",
        "문의": "남동구 관리자 032-453-2142"
    },
    {
        "title": "전국생활문화축제",
        "개최지역": "충청북도 청주시",
        "개최기간": "2023. 9. 15. ~ 17.",
        "축제성격": "문화예술 ",
        "관련 누리집": "http://www.everydaylifeculture.net",
        "축제장소": "진주성",
        "요금": "무료",
        "소요시간": "행사진행기간 상시관람가능",
        "연령제한": "전 연령",
        "부대행사": "9. 15.(금) : 14:00 ~ 17:00\n9. 16.(토) : 09:30 ~ 18:00\n9. 17.(일) : 09:30 ~ 15:45",
        "주최/주관기관": "문화체육관광부",
        "문의": "지역문화진흥원, 진주문화관광재단 관리자 055-795-3239"
    },
    {
        "title": "부여 문화재 야행",
        "개최지역": "충청남도 부여군",
        "개최기간": "2023. 9. 15. ~ 17. / 18:00~23:00",
        "축제성격": "전통역사 ",
        "관련 누리집": "https://www.buyeo.go.kr/yahaeng/",
        "축제장소": "부여 정림사지",
        "요금": "사비RPG - 5,000원\n부여향교선비체험 - 5,000원\n부여객사전통체험 - 3,000원~10,000원\n사비달밤 야시장, 굿뜨래 특산물, 무역왕국백제먹거리 - 유료(가격미정)\n문화재 캠핑 - 1人 10,000원 (나머지 무료)",
        "주최/주관기관": "부여군, 문화재청, 충청남도",
        "문의": "백제역사문화연구원 관리자 041-837-1722"
    },
    {
        "title": "보은 회인 문화재 야행",
        "개최지역": "충청북도 보은군",
        "개최기간": "2023. 9. 15. ~ 17. / 18:00 ~ 22:00",
        "축제성격": "전통역사 ",
        "관련 누리집": "https://www.boeunhoeinnight.com/",
        "축제장소": "회인 인산객사, 회인로 일원",
        "요금": "무료(일부 유료)",
        "주최/주관기관": "보은군청",
        "문의": "보은군청 관리자 043-540-3407"
    },
    {
        "title": "도시캠핑대전",
        "개최지역": "대전시 유성구",
        "개최기간": "2023. 9. 15. ~ 17.",
        "축제성격": "기타 ",
        "관련 누리집": "https://www.campingdaejeon.kr/",
        "축제장소": "대전 갑천변 일원",
        "요금": "캠핑예약 무료(단, 사전예약금 5만원->행사장에서 5만원 상품권 교환됨) / 박람회장 무료(단, 사전예약금 8천원->행사장에서 상품권 교환됨)",
        "주최/주관기관": "㈜비에스엔",
        "문의": "㈜비에스엔 관리자 1577-2265"
    },
    {
        "title": "경기국제코스프레페스티벌",
        "개최지역": "경기도 부천시",
        "개최기간": "2023. 9. 14. ~ 17. / 10:00~18:00",
        "축제성격": "기타 ",
        "관련 누리집": "http://www.gicof.com",
        "축제장소": "한국만화박물관",
        "요금": "유료(5,000원)",
        "주최/주관기관": "경기도, 부천시, 경기콘텐츠진흥원",
        "문의": "한국만화영상진흥원 관리자 032-310-3073"
    },
    {
        "title": "평창효석문화제",
        "개최지역": "강원도 평창군",
        "개최기간": "2023. 9. 8. ~ 17. / 매일 10:00~18:00",
        "축제성격": "문화예술 ",
        "관련 누리집": "http://www.hyoseok.com",
        "축제장소": "효석문화마을 일원",
        "요금": "포토존(2000원), 깡통열차(5000원), 체험북(5000원) *체험북구입시 포토존, 이효석문학관, 달빛언덕 무료입장",
        "주최/주관기관": "(사)이효석문학선양회",
        "문의": "관리자 033-335-2323"
    },
    {
        "title": "익산 서동축제",
        "개최지역": "전라북도 익산시",
        "개최기간": "2023. 9. 15. ~ 17. / 09:00~23:00",
        "축제성격": "전통역사 ",
        "관련 누리집": "https://seodong.iksan.go.kr/main/inner.php?sMenu=main",
        "축제장소": "금마서동공원",
        "요금": "무료",
        "소요시간": "기간내 자유",
        "연령제한": "전연령 가능함",
        "주최/주관기관": "익산시",
        "문의": "(재)익산문화재단 관리자 063-843-8817"
    },
    {
        "title": "금호강바람소리길축제",
        "개최지역": "대구시 북구",
        "개최기간": "2023. 9. 15. ~ 17.",
        "축제성격": "문화예술 ",
        "관련 누리집": "https://www.buk.daegu.kr/tour/index.do?menu_id=00000329",
        "축제장소": "금호강 산격대교 둔치(산격야영장)",
        "요금": "무료 또는 일부유료",
        "소요시간": "기간 내 자유",
        "연령제한": "전 연령 가능",
        "주최/주관기관": "재단법인 행복북구문화재단",
        "문의": "재단법인 행복북구문화재단 관리자 053-665-2172"
    },
    {
        "title": "부천국제만화축제",
        "개최지역": "경기도 부천시",
        "개최기간": "2023. 9. 14. ~ 17. / 10:00~18:00",
        "축제성격": "문화예술 ",
        "관련 누리집": "https://www.bicof.com/",
        "축제장소": "한국만화박물관 일대",
        "요금": "유료(5,000원)",
        "소요시간": "기간내 자유",
        "연령제한": "전연령 가능",
        "주최/주관기관": "(재)한국만화영상진흥원",
        "문의": "부천국제만화축제운영위원회 관리자 032-310-3072"
    },
    {
        "title": "정선아리랑제",
        "개최지역": "강원도 정선군",
        "개최기간": "2023. 9. 14. ~ 17. / 오전 10:00 ~ 오후 11:00",
        "축제성격": "전통역사 ",
        "축제참가인원(명)": "http://www.arirangfestival.kr/",
        "소요예산(천원)": "정선공설운동장",
        "관련 누리집": "무료관람",
        "축제장소": "정선군",
        "요금": "아리랑제추진위원회 백호민 033-560-3000"
    },
    {
        "title": "장수 한우랑 사과랑 축제",
        "개최지역": "전라북도 장수군",
        "개최기간": "2023. 9. 14. ~ 17. / 10:00 ~ 21:00",
        "축제성격": "지역특산물 ",
        "관련 누리집": "http://www.jangsufestival.com/",
        "축제장소": "장수군 의암공원 및 누리파크 일원",
        "주최/주관기관": "사)장수한우랑사과랑축제추진위원회",
        "문의": "063-350-2357"
    },
    {
        "title": "평창농악축제",
        "개최지역": "강원도 평창군",
        "개최기간": "2023. 9. 15. ~ 18. / 10:00~21:00",
        "축제성격": "기타 ",
        "관련 누리집": "https://www.xn--980bz78al6bd8h.kr/",
        "축제장소": "평창군 용평면 전통민속상설공연장",
        "요금": "무료(체험료 별도)",
        "주최/주관기관": "평창군",
        "문의": "평창농악축제위원회 관리자 033-332-4333(평창농악축제위원회 사무실)"
    },
    {
        "title": "국립세종수목원 야간개장 \"특별한 夜행\"",
        "개최지역": "세종시 세종특별자치시",
        "개최기간": "2023. 6. 30. ~ 9. 23. / 17:00~21:30",
        "축제성격": "생태자원 ",
        "관련 누리집": "https://www.sjna.or.kr/main/",
        "축제장소": "국립세종수목원",
        "요금": "어른2,500원, 청소년2,000원, 어린이1,500원 (50% 할인 적용가) / 다자녀 및 만 65세 이상 무료 입장(자세한 사항 누리집 참조)",
        "주최/주관기관": "국립세종수목원",
        "문의": "관리자 044-251-0001"
    },
    {
        "title": "영광불갑산상사화축제",
        "개최지역": "전라남도 영광군",
        "개최기간": "2023. 9. 15. ~ 24. / 08:00~22:00",
        "축제성격": "전통역사 ",
        "관련 누리집": "http://상사화축제.com/",
        "축제장소": "영광군 불갑사관광지 일원",
        "요금": "유료(일반 3,000원/영광사랑상품권 3,000원 환급 / 군민, 5세 미만, 임산부, 장애인, 국가유공자 무료)",
        "주최/주관기관": "영광불갑산상사화축제 추진위원회",
        "문의": "영광불갑산상사화축제 집행위원회 관리자 061-350-5269"
    },
    {
        "title": "전주세계소리축제",
        "개최지역": "전라북도 전주시",
        "개최기간": "2023. 9. 15. ~ 24. / 09:00~21:00 (일자별 공연 상이함)",
        "축제성격": "문화예술 ",
        "관련 누리집": "http://www.sorifestival.com/",
        "축제장소": "한국소리문화의전당",
        "요금": "유/무료 (공연마다 상이함)",
        "주최/주관기관": "전라북도",
        "문의": "063-232-8394"
    },
    {
        "title": "더 라이프 스타일 서울",
        "개최지역": "서울시 중구",
        "개최기간": "2023. 9. 1. ~ 30. / 09:00~18:00",
        "축제성격": "기타 ",
        "관련 누리집": "https://www.thelifestyleseoul.or.kr/",
        "축제장소": "서울시(DDP, 노들섬, 삼청동, 코엑스, 용산 등)",
        "요금": "무료",
        "주최/주관기관": "서울시",
        "문의": "서울시 관리자 02-550-2572"
    },
    {
        "title": "세계유산축전",
        "개최지역": "서울시 성북구",
        "개최기간": "2023. 7. 7. ~ 10. 14.",
        "축제성격": "전통역사 ",
        "관련 누리집": "https://worldheritage.modoo.at/",
        "축제장소": "백제역사유적지구, 전남순천(선암사·순천갯벌), 수원화성",
        "요금": "프로그램별 상이",
        "주최/주관기관": "문화재청",
        "문의": "한국문화재재단 관리자 02-2270-1272"
    },
    {
        "title": "아침고요수목원 들국화전시회",
        "개최지역": "경기도 가평군",
        "개최기간": "2023. 9. 16. ~ 10. 15. / 08:30~19:00",
        "축제성격": "생태자원 ",
        "관련 누리집": "https://www.morningcalm.co.kr/html/main.php",
        "축제장소": "아침고요수목원",
        "요금": "어른 : 11,000원 / 청소년 : 8,500원 / 어린이 : 7,500원",
        "소요시간": "기간내자유",
        "연령제한": "전연령 가능함",
        "주최/주관기관": "아침고요수목원",
        "문의": "관리자 1544-6703"
    },
    {
        "title": "산청세계전통의약항노화엑스포",
        "개최지역": "경상남도 산청군",
        "개최기간": "2023. 9. 15. ~ 10. 19. / 09:00~18:00(사정에 따라 변동가능)",
        "축제성격": " ",
        "관련 누리집": "http://www.sancheong-expo.or.kr/",
        "축제장소": "동의보감촌",
        "오시는 길": "1. 승용차를 이용하실 경우\n(1) 서울, 대전 방면(서울 3시간, 대전 1시간 30분 소요)\n경부고속도로 → 비룡분기점 → 대전통영간고속도로 → 생초IC, 산청IC → 부행사장(한방의료클러스터) → 주행사장 (동의보감촌)\n(2) 대구방면(1시간 10분 소요)\n중부내륙고속도로 → 옥포분기점 → 88올림픽고속도로 → 함양분기점 → 대전통영간고속도로 → 생초IC,\n산청IC → 부행사장(한방의료클러스터) → 주행사장(동의보감촌)\n(3) 부산 방면(1시간 30분 소요)\n남해고속도로 → 진주분기점 → 대전통영간고속도로 → 산청IC → 부행사장(한방의료클러스터) →\n주행사장 (동의보감촌)\n(4) 광주방면(1시간 30분 소요)\n호남고속도로 → 고서분기점 → 88올림픽고속도로 → 함양분기점 → 대전통영간고속도로 → 생초IC, 산청IC → 부행사장(한방의료클러스터) → 주행사장(동의보감촌)\n\n2. 고속버스를 이용하실 경우\n(1) 서울경부 → 진주\n첫차(06:00), 막차(24:10), 배차간격 : 20~30분, 소요시간 : 3시간 50분\n(2) 대전 → 진주 첫차(09:00), 막차(18:00), 배차간격 : 4회 운행, 소요시간 : 2시간\n(3) 대구중앙 → 진주 첫차(06:40), 막차(20:00), 배차간격 : 50분~1시간, 소요시간 : 2시간 10분\n\n3. 철도를 이용하실 경우\n(1) 진주역 : 진주시외버스터미널 → 산청시외버스터미널(30분 소요)\n(2) 마산역 : 마산시외버스터미널 → 산청시외버스터미널(1시간 40분 소요)\n\n4. 항공을 이용하실 경우\n(1) 김해공항 : 경전철 → 부산서부버스터미널 → 산청시외버스터미널(2시간 30분 소요)\n(2) 사천공항 : 공항버스 → 진주시외버스터미널 → 산청시외버스터미널(1시간 소요)",
        "요금": "행사시작 전 예매기준( 일반 10,000원 청소년 8,000원 어린이 4,000원)",
        "소요시간": "3시간",
        "연령제한": "전 연령 가능",
        "주최/주관기관": "경상남도, 산청군, 보건복지부",
        "문의": "(재)산청세계전통의약항노화엑스포 관리자 055-970-8600"
    },
    {
        "title": "인천개항장 문화재 야행",
        "개최지역": "인천시 중구",
        "개최기간": "2023. 8. 26. ~ 10. 22. / 18:00 ~ 22:00",
        "축제성격": "문화예술 ",
        "관련 누리집": "http://www.culturenight.co.kr/",
        "축제장소": "인천개항장 문화지구 일원",
        "요금": "무료",
        "소요시간": "1시간",
        "연령제한": "전연령",
        "주최/주관기관": "문화재청, 인천광역시 중구",
        "문의": "인천관광공사 관리자"
    },
    {
        "title": "창덕궁 달빛기행",
        "개최지역": "서울시 종로구",
        "개최기간": "2023. 9. 7. ~ 10. 22 / 19:20 / 20:00",
        "축제성격": "전통역사 ",
        "관련 누리집": "https://www.chf.or.kr",
        "축제장소": "창덕궁",
        "요금": "1인 30,000원 (장애인 50% 할인: 중증(1~3급) 본인포함 2인, 경증(4급 이하) 본인 한정, 국가유공자 본인 한정 50% 할인",
        "소요시간": "약 100분",
        "연령제한": "8세 이상",
        "주최/주관기관": "문화재청 궁능유적본부",
        "문의": "한국문화재재단 관리자 1522-2295"
    },
    {
        "title": "부산국제매직페스티벌",
        "개최지역": "부산시 해운대구",
        "개최기간": "2023. 4. 15. ~ 10. 29.",
        "축제성격": "문화예술 ",
        "관련 누리집": "https://www.hibimf.org/",
        "축제장소": "행사별 상이",
        "요금": "프로그램별 상이(유/무료)",
        "주최/주관기관": "(사)부산국제매직페스티벌 조직위원회",
        "문의": "(사)부산국제매직페스티벌 조직위원회 관리자 051-626-7002"
    },
    {
        "title": "별바다부산 나이트페스타",
        "개최지역": "부산시 영도구",
        "개최기간": "2023. 7. 1. ~ 10. 29.",
        "축제성격": "기타 ",
        "관련 누리집": "https://korean.visitkorea.or.kr/kfes/detail/fstvlDetail.do?fstvlCntntsId=5f6a69a4-db10-4b48-8f3b-101354a1a774",
        "축제장소": "다대포해변공원 등",
        "요금": "프로그램 별 상이 ○ 나이트 뮤직 캠크닉 - 10,000원 / 인 ○ 나이트 푸드테라스 - 시그니처(8월) : 40,000원 / 인 - 스탠다드(9월) : 10,000원 / 인 , 프리미엄(10월) : 60,000원 / 인",
        "주최/주관기관": "한국관광공사, 부산광역시 , 부산관광공사",
        "문의": "관리자 051-626-8816 (나이트 뮤직 캠크닉 대행사) 051-714-4758 (나이트 푸드테라스 _ 부산푸드필름페스타 운영사무국)"
    },
    {
        "title": "태안 가을꽃박람회",
        "개최지역": "충청남도 태안군",
        "개최기간": "2023. 9. 15. ~ 10. 31. / 09:00 ~ 18:00",
        "축제성격": "생태자원 ",
        "관련 누리집": "http://www.koreaflowerpark.com",
        "축제장소": "코리아플라워파크",
        "요금": "성인 : 10,000원 / 경로 및 단체: 9,000원 / 유아 및 청소년 : 8,000원",
        "연령제한": "전 연령",
        "주최/주관기관": "㈜네이처농업회사법인",
        "문의": "관리자 041-675-5533"
    },
    {
        "title": "9.81파크 <하늘 나는 피카츄 프로젝트>",
        "개최지역": "제주도 제주시",
        "개최기간": "2023. 7. 28. ~ 10. 31. / 09:00~20:00",
        "축제성격": "기타 ",
        "관련 누리집": "https://blog.naver.com/981jeju/223174000767",
        "축제장소": "9.81파크 제주",
        "요금": "1. 포켓몬 레이싱(포켓몬 링˚˚고 포함) - 981 포켓몬 풀패키지(1인): 59,500원 - 아이와 함께 포켓몬 풀패키지(아이와 함께 2인): 99,500원 2. 포켓몬 오나츠 SET: 24,000원 3. 981 포켓몬 포토존: 무료 4. 하늘 나는 피카츄 스탬프 투어: 무료",
        "주최/주관기관": "모노리스 제주파크",
        "문의": "모노리스 제주파크 관리자 1833-9810"
    },
    {
        "title": "안양공공예술프로젝트",
        "개최지역": "경기도 안양시",
        "개최기간": "2023. 8. 25. ~ 11. 2. / 월요일 휴관, 10:00 ~ 18:00",
        "축제성격": "문화예술 ",
        "관련 누리집": "https://www.apap7.or.kr/",
        "축제장소": "안양예술공원(야외전) / (구)농림축산검역본부(실내전)",
        "요금": "무료",
        "주최/주관기관": "안양시",
        "문의": "안양문화예술재단 관리자 031-687-0548"
    },
    {
        "title": "김천나이트투어 직지골야행",
        "개최지역": "경상북도 김천시",
        "개최기간": "2023. 3. 25. ~ 11. 4. / 16:00~21:00",
        "축제성격": "전통역사 ",
        "관련 누리집": "http://www.nighttour.or.kr/",
        "축제장소": "김천직지문화공원, 과일농원, 괘방령, 직지상가",
        "요금": "1인 17,000원(생후 12개월 이하 무료)",
        "연령제한": "연령제한없음",
        "주최/주관기관": "김천시",
        "문의": "김천문화원 관리자 054-434-4336"
    },
    {
        "title": "제주민속촌 귀몽",
        "개최지역": "제주도 서귀포시",
        "개최기간": "2023. 7. 1. ~ 11. 5. / 18:00 ~ 22:00 ( 입장마감 21:30 )",
        "축제성격": "기타 ",
        "관련 누리집": "https://jejufolk.com/index.php",
        "축제장소": "제주민속촌",
        "요금": "1. 세이브존 성인/청소년 : 13,000원, 소인 : 9,000원 2. 전체관람(세이브존고스트존) 성인/청소년 : 25,000원, 소인 : 15,000원",
        "주최/주관기관": "주식회사 설문대",
        "문의": "제주민속촌 관리자 064-787-4501"
    },
    {
        "title": "동아시아문화도시 전주",
        "개최지역": "전라북도 전주시",
        "개최기간": "2023. 4. 26. ~ 11. 10. / 09:00~18:00",
        "축제성격": "기타 ",
        "관련 누리집": "https://cceajj.jeonju.go.kr/",
        "축제장소": "리셉션-덕진공원 연화정 도서관",
        "요금": "무료",
        "주최/주관기관": "전주시",
        "문의": "전주시 관리자 063-281-6314"
    },
    {
        "title": "DMZ OPEN 페스티벌",
        "개최지역": "경기도 파주시",
        "개최기간": "2023. 5. 20. ~ 11. 11.",
        "축제성격": "기타 ",
        "관련 누리집": "http://dmzopen.kr/",
        "주최/주관기관": "경기도",
        "문의": "경기관광공사 관리자 031-120"
    },
    {
        "title": "한국민속촌 조선살인수사",
        "개최지역": "경기도 용인시",
        "개최기간": "2023. 7. 8. ~ 11. 12. / 13:00~21:00 (정비시간 17:00~18:00/금토일 및 공휴일)",
        "축제성격": "전통역사 ",
        "관련 누리집": "https://www.koreanfolk.co.kr/",
        "축제장소": "한국민속촌",
        "요금": "12,000원",
        "주최/주관기관": "한국민속촌",
        "문의": "한국민속촌 관리자 031-288-0000"
    },
    {
        "title": "한국민속촌 살귀옥, A Haunted Prison",
        "개최지역": "경기도 용인시",
        "개최기간": "2023. 5. 5. ~ 11. 12. / 16:30~21:00 (금토일 및 공휴일)",
        "축제성격": "기타 ",
        "관련 누리집": "https://www.koreanfolk.co.kr/",
        "축제장소": "한국민속촌",
        "요금": "12,000원",
        "주최/주관기관": "한국민속촌",
        "문의": "한국민속촌 관리자 031-288-0000"
    },
    {
        "title": "한국민속촌 야간개장, 달빛을 더하다",
        "개최지역": "경기도 용인시",
        "개최기간": "2023. 4. 7. ~ 11. 12. / 10:00~21:30",
        "축제성격": "기타 ",
        "관련 누리집": "https://www.koreanfolk.co.kr/event/event_now.asp?seq=182",
        "축제장소": "한국민속촌",
        "요금": "After4 할인 프로모션 적용시 17,000원(4시 이후 방문 고객)",
        "주최/주관기관": "한국민속촌",
        "문의": "한국민속촌 관리자 031-288-0000"
    },
    {
        "title": "문화가 있는 날 청춘마이크 <평화를 만드는 길굿>",
        "개최지역": "서울시 서초구",
        "개최기간": "2023. 5. 31. ~ 11. 29. / 15:00~20:00 (매달 문화가 있는 날 주간 수·토·일)",
        "축제성격": "문화예술 ",
        "관련 누리집": "https://hsmunhwa.oopy.io/51fb01e8-e1ee-4d1c-ae97-ab2a7155e195",
        "축제장소": "동탄 호수공원 및 그외 누리집 참조",
        "요금": "무료",
        "주최/주관기관": "문화체육관광부",
        "문의": "지역문화진흥원, 문화발전소 열터 관리자 070-4102-6757"
    },
    {
        "title": "서울거리공연 구석구석 라이브",
        "개최지역": "서울시 마포구",
        "개최기간": "2023. 4. 1. ~ 11. 30.",
        "축제성격": "문화예술 ",
        "관련 누리집": "https://seoulbusking.com/",
        "축제장소": "서울도심 주요 장소",
        "요금": "무료 관람",
        "주최/주관기관": "서울특별시",
        "문의": "㈜한글로벌 관리자 02-333-2695"
    },
    {
        "title": "청도 프로방스 빛축제",
        "개최지역": "경상북도 청도군",
        "개최기간": "2023. 2. 1. ~ 11. 30.",
        "축제성격": "기타 ",
        "관련 누리집": "http://www.cheongdo-provence.co.kr",
        "축제장소": "경상북도 청도군 화양읍 이슬미로 272-23 (화양읍)",
        "요금": "9,900원(주중, 주말, 대인, 소인 공통)",
        "소요시간": "기간 내 자유",
        "연령제한": "전 연령 가능",
        "주최/주관기관": "청도 프로방스 포토랜드",
        "문의": "관리자 054-372-5050"
    },
    {
        "title": "안산별빛마을 애니멀 & 하트빌리지 빛축제",
        "개최지역": "경기도 안산시",
        "개최기간": "2023. 1. 1. ~ 12. 31. / 평일 15:00~23:00 / 공휴일·주말 15:00~23:00",
        "축제성격": "문화예술 ",
        "관련 누리집": "http://www.ansanstar.net",
        "축제장소": "안산별빛마을포토랜드",
        "요금": "대인(중학생 이상) 8,000원 / 소인(24개월 ~ 초등학생) 5,000원 / 장애인·경로 5,000원",
        "주최/주관기관": "안산별빛마을",
        "문의": "관리자 031-484-5050"
    },
    {
        "title": "허브아일랜드 불빛동화축제",
        "개최지역": "경기도 포천시",
        "개최기간": "2023. 2. 1. ~ 12. 31. / 오전 10:00 ~ 오후 21:00 (수요일 정기 휴장)",
        "축제성격": "기타 ",
        "관련 누리집": "http://www.herbisland.co.kr",
        "축제장소": "포천시 허브아일랜드",
        "요금": "평일 - 일반 10,000원/영유아(36개월 이하) 무료/우대(장애인, 노인, 국가유공자, 단체 (20인) 8,000원, 주말 - 일반 12,000원/영유아(36개월 이하) 무료/우대(장애인, 노인, 국가유공자, 단체 (20인) 10,000원",
        "소요시간": "3시간",
        "연령제한": "전연령 가능",
        "부대행사": "산타마을 라이팅쇼, 프랑스 상통인형전(상시), 힐링센터 이벤트 체험(족욕, 체어마사지, 발마사지)",
        "주최/주관기관": "허브아일랜드",
        "문의": "허브아일랜드 관리자 031-535-6494"
    },
    {
        "title": "서울랜드 불빛축제 루나파크",
        "개최지역": "경기도 과천시",
        "개최기간": "2023. 1. 1. ~ 12. 31. / 일몰 전 30분 ~ 폐장시, 상시운영",
        "축제성격": "기타 ",
        "관련 누리집": "http://www.seoulland.co.kr",
        "축제장소": "서울랜드",
        "요금": "서울랜드 파크이용권(주간권 혹은 야간권) 구매 시 무료",
        "소요시간": "1시간",
        "연령제한": "전연령가능",
        "주최/주관기관": "서울랜드",
        "문의": "서울랜드 관리자 02-509-6000"
    },
    {
        "title": "오크밸리 3D 라이팅쇼 소나타오브라이트",
        "개최지역": "강원도 원주시",
        "개최기간": "2022. 1. 1. ~ 12. 31. / 18:00~22:00(21시 입장마감)",
        "축제성격": "기타 ",
        "관련 누리집": "http://www.oakvalley.co.kr/oak_new/star6.asp",
        "축제장소": "오크밸리 리조트 골프빌리지 산책로",
        "요금": "정상가 대인 20,000원 / 소인 15,000원 / 36개월 미만 무료입장",
        "소요시간": "약 50분",
        "연령제한": "전연령 관람가능",
        "주최/주관기관": "오크밸리 리조트",
        "문의": "오크밸리 리조트 관리자 033-730-3146"
    },
    {
        "title": "태안 빛축제",
        "개최지역": "충청남도 태안군",
        "개최기간": "2021. 1. 1. ~ 2023. 12. 31.",
        "축제성격": "문화예술 ",
        "관련 누리집": "http://www.ffestival.co.kr",
        "축제장소": "네이쳐월드",
        "요금": "성인:9,000원, 청소년:7,000원, 청소년현장단체:7,000원, 단체:8,000원",
        "소요시간": "기간내자유",
        "연령제한": "연령제한없음",
        "주최/주관기관": "태안꽃축제추진위원회",
        "문의": "네이처영농조합법인, 태안반도백합수출영농조합법인, 아다람농업회사법인 관리자 041-675-9200"
    },
    {
        "title": "퍼스트가든 빛축제 - 별빛이 흐르는 정원",
        "개최지역": "경기도 파주시",
        "개최기간": "2023. 1. 1. ~ 2024. 12. 31. / 일몰후 ~ 오후 10:00",
        "축제성격": "기타 ",
        "관련 누리집": "http://www.firstgarden.co.kr",
        "축제장소": "퍼스트가든 내 전역",
        "요금": "주말 및 공휴일-대인 12,000원/ 소인 11,000원 / 평일- 대인 9,000원/ 소인 8,000원",
        "소요시간": "2~3시간",
        "연령제한": "전연령가능",
        "주최/주관기관": "퍼스트가든",
        "문의": "퍼스트가든 관리자 031-957-6861"
    }
]